dept_code;dept_name;muni_code;muni_name;muni_name;poblacion_2025;CEN/POP;VOTE DIF;AVEWIN;LANDSLIDE;area_km2;Pop/km2;mesas_total;censo_mujeres;censo_hombres;puestos;Personas/puesto;mesas_censo;mesas_escrutadas;Personas/mesa;DIF-MESAS;Elect/poblacion;censo_electoral;votantes;% votantes;votos_validos;votos_nulos;votos_blancos;cepeda;espriella;% blanco;% nulos;%cepeda;%espriella;SUM;DIF
50;GUAINIA;78;LA GUADALUPE;LA GUADALUPE;299;70,57 %;13;TRUE;FALSE;1.167;0;1;93;118;1;211;1;1;211;0;70,57 %;211;70;33,18 %;70;0;1;28;41;1,43 %;0,00 %;40,00 %;58,57 %;100,00 %;0
60;AMAZONAS;17;LA VICTORIA;LA VICTORIA;679;11,05 %;-32;FALSE;FALSE;276;2;1;32;43;1;75;1;1;75;0;11,05 %;75;32;42,67 %;32;0;0;32;0;0,00 %;0,00 %;100,00 %;0,00 %;100,00 %;0
60;AMAZONAS;30;PUERTO ALEGRIA;PUERTO ALEGRIA;791;36,54 %;-88;FALSE;FALSE;8.774;0;1;119;170;1;289;1;1;289;0;36,54 %;289;129;44,64 %;128;1;0;108;20;0,00 %;0,78 %;83,72 %;15,50 %;100,00 %;0
50;GUAINIA;73;CACAHUAL;CACAHUAL;912;29,06 %;-19;FALSE;FALSE;6.457;0;1;117;148;1;265;1;1;265;0;29,06 %;265;51;19,25 %;51;0;0;35;16;0,00 %;0,00 %;68,63 %;31,37 %;100,00 %;0
68;VAUPES;10;MORICHAL (PAPUNAGUA);MORICHAL (PAPUNAGUA);972;19,14 %;-58;FALSE;FALSE;8.563;0;2;75;111;2;93;2;2;93;0;19,14 %;186;102;54,84 %;102;0;0;80;22;0,00 %;0,00 %;78,43 %;21,57 %;100,00 %;0
60;AMAZONAS;40;PUERTO ARICA;PUERTO ARICA;1.070;50,00 %;-155;FALSE;FALSE;13.526;0;2;237;298;1;535;2;2;268;0;50,00 %;535;199;37,20 %;199;0;0;177;22;0,00 %;0,00 %;88,94 %;11,06 %;100,00 %;0
7;BOYACA;262;SATIVASUR;SATIVASUR;1.127;111,27 %;392;TRUE;TRUE;81;14;4;665;589;1;1.254;4;4;314;0;111,27 %;1.254;789;62,92 %;782;6;10;190;582;1,27 %;0,76 %;24,08 %;73,76 %;99,87 %;-1
7;BOYACA;137;LA VICTORIA;LA VICTORIA;1.139;139,24 %;476;TRUE;TRUE;276;4;6;718;868;3;529;6;6;264;0;139,24 %;1.586;902;56,87 %;895;6;11;204;680;1,22 %;0,67 %;22,62 %;75,39 %;99,89 %;-1
7;BOYACA;34;BUSBANZA;BUSBANZA;1.176;83,33 %;352;TRUE;TRUE;22;53;3;486;494;1;980;3;3;327;0;83,33 %;980;752;76,73 %;746;6;6;194;546;0,80 %;0,80 %;25,80 %;72,61 %;100,00 %;0
50;GUAINIA;83;MORICHAL (MORICHAL NUEVO);MORICHAL (MORICHAL NUEVO);1.192;19,97 %;-25;FALSE;FALSE;8.563;0;1;112;126;1;238;1;1;238;0;19,97 %;238;90;37,82 %;90;0;1;57;32;1,11 %;0,00 %;63,33 %;35,56 %;100,00 %;0
68;VAUPES;22;YAVARATE;YAVARATE;1.271;83,32 %;-316;FALSE;FALSE;3.459;0;4;442;617;4;265;4;4;265;0;83,32 %;1.059;386;36,45 %;382;3;2;348;32;0,52 %;0,78 %;90,16 %;8,29 %;99,74 %;-1
52;META;59;SAN JUANITO;SAN JUANITO;1.272;106,76 %;557;TRUE;TRUE;162;8;7;611;747;4;340;7;7;194;0;106,76 %;1.358;934;68,78 %;921;12;16;174;731;1,71 %;1,28 %;18,63 %;78,27 %;99,89 %;-1
27;SANTANDER;115;JORDAN;JORDAN;1.371;108,53 %;882;TRUE;TRUE;33;42;6;693;795;3;496;6;6;248;0;108,53 %;1.488;1.135;76,28 %;1.128;3;10;118;1.000;0,88 %;0,26 %;10,40 %;88,11 %;99,65 %;-4
46;CASANARE;480;LA SALINA;LA SALINA;1.398;70,10 %;-201;FALSE;FALSE;226;6;3;461;519;1;980;3;3;327;0;70,10 %;980;552;56,33 %;540;8;11;365;164;1,99 %;1,45 %;66,12 %;29,71 %;99,28 %;-4
27;SANTANDER;151;PALMAR;PALMAR;1.444;112,19 %;734;TRUE;TRUE;21;69;6;795;825;2;810;6;6;270;0;112,19 %;1.620;1.150;70,99 %;1.140;8;4;201;935;0,35 %;0,70 %;17,48 %;81,30 %;99,83 %;-2
7;BOYACA;324;TUNUNGUA;TUNUNGUA;1.607;98,20 %;496;TRUE;TRUE;73;22;5;735;843;1;1.578;5;5;316;0;98,20 %;1.578;1.069;67,74 %;1.062;7;8;279;775;0,75 %;0,65 %;26,10 %;72,50 %;100,00 %;0
7;BOYACA;16;BERBEO;BERBEO;1.613;91,20 %;144;TRUE;FALSE;61;26;5;696;775;1;1.471;5;5;294;0;91,20 %;1.471;1.031;70,09 %;1.020;8;14;431;575;1,36 %;0,78 %;41,80 %;55,77 %;99,71 %;-3
52;META;25;EL CALVARIO;EL CALVARIO;1.691;87,76 %;643;TRUE;TRUE;200;8;7;670;814;5;297;7;7;212;0;87,76 %;1.484;956;64,42 %;946;9;19;142;785;1,99 %;0,94 %;14,85 %;82,11 %;99,90 %;-1
7;BOYACA;237;SAN EDUARDO;SAN EDUARDO;1.693;91,49 %;378;TRUE;FALSE;106;16;5;739;810;1;1.549;5;5;310;0;91,49 %;1.549;1.074;69,34 %;1.065;8;21;333;711;1,96 %;0,74 %;31,01 %;66,20 %;99,91 %;-1
7;BOYACA;187;PANQUEBA;PANQUEBA;1.730;91,27 %;591;TRUE;TRUE;42;41;5;787;792;1;1.579;5;5;316;0;91,27 %;1.579;971;61,49 %;963;4;14;179;770;1,44 %;0,41 %;18,43 %;79,30 %;99,59 %;-4
50;GUAINIA;92;SAN FELIPE;SAN FELIPE;1.761;52,53 %;-10;FALSE;FALSE;3.063;1;3;425;500;1;925;3;3;308;0;52,53 %;925;264;28,54 %;264;0;2;136;126;0,76 %;0,00 %;51,52 %;47,73 %;100,00 %;0
60;AMAZONAS;21;PUERTO SANTANDER;PUERTO SANTANDER;1.818;31,46 %;-118;FALSE;FALSE;42;43;2;234;338;1;572;2;2;286;0;31,46 %;572;201;35,14 %;200;0;2;158;40;1,00 %;0,00 %;78,61 %;19,90 %;99,50 %;-1
7;BOYACA;205;PISBA;PISBA;1.828;68,44 %;508;TRUE;TRUE;469;4;4;566;685;1;1.251;4;4;313;0;68,44 %;1.251;843;67,39 %;837;2;11;159;667;1,30 %;0,24 %;18,86 %;79,12 %;99,53 %;-4
46;CASANARE;760;RECETOR;RECETOR;1.835;66,27 %;416;TRUE;TRUE;173;11;5;559;657;3;405;5;5;243;0;66,27 %;1.216;929;76,40 %;923;5;11;248;664;1,18 %;0,54 %;26,70 %;71,47 %;99,89 %;-1
7;BOYACA;7;ALMEIDA;ALMEIDA;1.843;107,22 %;503;TRUE;FALSE;57;32;6;912;1.064;1;1.976;6;6;329;0;107,22 %;1.976;1.172;59,31 %;1.153;16;20;315;818;1,71 %;1,37 %;26,88 %;69,80 %;99,74 %;-3
7;BOYACA;61;CUITIVA;CUITIVA;1.846;100,65 %;513;TRUE;FALSE;43;43;6;913;945;2;929;6;6;310;0;100,65 %;1.858;1.239;66,68 %;1.230;6;9;354;867;0,73 %;0,48 %;28,57 %;69,98 %;99,76 %;-3
7;BOYACA;103;GUACAMAYAS;GUACAMAYAS;1.870;83,05 %;555;TRUE;TRUE;59;32;5;794;759;1;1.553;5;5;311;0;83,05 %;1.553;997;64,20 %;982;14;11;208;763;1,10 %;1,40 %;20,86 %;76,53 %;99,90 %;-1
27;SANTANDER;4;AGUADA;AGUADA;1.916;79,49 %;714;TRUE;TRUE;75;26;5;689;834;1;1.523;5;5;305;0;79,49 %;1.523;1.019;66,91 %;1.013;4;11;144;858;1,08 %;0,39 %;14,13 %;84,20 %;99,80 %;-2
60;AMAZONAS;19;MIRITI PARANA;MIRITI PARANA;1.929;29,03 %;-160;FALSE;FALSE;16.864;0;3;237;323;2;280;3;3;187;0;29,03 %;560;167;29,82 %;167;0;1;163;3;0,60 %;0,00 %;97,60 %;1,80 %;100,00 %;0
7;BOYACA;19;BETEITIVA;BETEITIVA;1.973;102,08 %;425;TRUE;FALSE;123;16;7;1.020;994;2;1.007;7;7;288;0;102,08 %;2.014;1.382;68,62 %;1.373;7;16;466;891;1,16 %;0,51 %;33,72 %;64,47 %;99,86 %;-2
50;GUAINIA;90;PUERTO COLOMBIA;PUERTO COLOMBIA;2.005;63,54 %;78;TRUE;FALSE;15.664;0;5;591;683;3;425;5;5;255;0;63,54 %;1.274;341;26,77 %;338;2;0;130;208;0,00 %;0,59 %;38,12 %;61,00 %;99,71 %;-1
15;CUNDINAMARCA;323;VILLAGOMEZ;VILLAGOMEZ;2.014;105,81 %;638;TRUE;TRUE;65;31;7;1.011;1.120;2;1.066;7;7;304;0;105,81 %;2.131;1.392;65,32 %;1.381;10;15;364;1.002;1,08 %;0,72 %;26,15 %;71,98 %;99,93 %;-1
50;GUAINIA;87;PANA PANA (CAMPO ALEGRE);PANA PANA (CAMPO ALEGRE);2.032;30,71 %;-56;FALSE;FALSE;10.097;0;4;288;336;3;208;4;4;156;0;30,71 %;624;278;44,55 %;276;1;4;164;108;1,44 %;0,36 %;58,99 %;38,85 %;99,64 %;-1
7;BOYACA;118;IZA;IZA;2.035;111,79 %;507;TRUE;FALSE;54;38;7;1.152;1.123;1;2.275;7;7;325;0;111,79 %;2.275;1.616;71,03 %;1.600;15;25;534;1.041;1,55 %;0,93 %;33,04 %;64,42 %;99,94 %;-1
27;SANTANDER;28;CABRERA;CABRERA;2.074;88,48 %;1.012;TRUE;TRUE;68;31;6;890;945;1;1.835;6;6;306;0;88,48 %;1.835;1.318;71,83 %;1.312;3;14;143;1.155;1,06 %;0,23 %;10,85 %;87,63 %;99,77 %;-3
27;SANTANDER;40;CEPITA;CEPITA;2.078;104,09 %;1.061;TRUE;TRUE;139;15;11;1.013;1.150;8;270;11;11;197;0;104,09 %;2.163;1.515;70,04 %;1.507;5;12;217;1.278;0,79 %;0,33 %;14,32 %;84,36 %;99,80 %;-3
7;BOYACA;331;TUTAZA;TUTAZA;2.079;100,77 %;598;TRUE;FALSE;135;15;7;1.045;1.050;2;1.048;7;7;299;0;100,77 %;2.095;1.501;71,65 %;1.488;13;24;433;1.031;1,60 %;0,87 %;28,85 %;68,69 %;100,00 %;0
15;CUNDINAMARCA;19;BELTRAN;BELTRAN;2.079;107,84 %;318;TRUE;FALSE;211;10;7;1.052;1.190;3;747;7;7;320;0;107,84 %;2.242;1.401;62,49 %;1.391;9;7;533;851;0,50 %;0,64 %;38,04 %;60,74 %;99,93 %;-1
46;CASANARE;815;SACAMA;SACAMA;2.103;91,58 %;-305;FALSE;FALSE;537;4;6;880;1.046;2;963;6;6;321;0;91,58 %;1.926;1.235;64,12 %;1.227;4;24;754;449;1,94 %;0,32 %;61,05 %;36,36 %;99,68 %;-4
60;AMAZONAS;10;EL ENCANTO;EL ENCANTO;2.131;35,66 %;-229;FALSE;FALSE;11.251;0;3;336;424;1;760;3;3;253;0;35,66 %;760;300;39,47 %;294;6;3;260;31;1,00 %;2,00 %;86,67 %;10,33 %;100,00 %;0
27;SANTANDER;73;EL GUACAMAYO;EL GUACAMAYO;2.139;76,44 %;779;TRUE;TRUE;100;21;6;744;891;2;818;6;6;273;0;76,44 %;1.635;1.034;63,24 %;1.024;8;13;116;895;1,26 %;0,77 %;11,22 %;86,56 %;99,81 %;-2
27;SANTANDER;127;MACARAVITA;MACARAVITA;2.159;106,62 %;1.035;TRUE;TRUE;110;20;7;1.060;1.242;1;2.302;7;7;329;0;106,62 %;2.302;1.371;59,56 %;1.365;6;14;158;1.193;1,02 %;0,44 %;11,52 %;87,02 %;100,00 %;0
7;BOYACA;259;SATIVANORTE;SATIVANORTE;2.195;112,94 %;1.092;TRUE;TRUE;184;12;8;1.153;1.326;2;1.240;8;8;310;0;112,94 %;2.479;1.564;63,09 %;1.555;8;19;222;1.314;1,21 %;0,51 %;14,19 %;84,02 %;99,94 %;-1
7;BOYACA;28;BRICEÑO;BRICEÑO;2.206;110,70 %;1.092;TRUE;TRUE;64;34;7;1.082;1.360;1;2.442;7;7;349;0;110,70 %;2.442;1.627;66,63 %;1.618;2;12;257;1.349;0,74 %;0,12 %;15,80 %;82,91 %;99,57 %;-7
27;SANTANDER;219;VETAS;VETAS;2.224;66,41 %;936;TRUE;TRUE;93;24;5;698;779;1;1.477;5;5;295;0;66,41 %;1.477;1.082;73,26 %;1.075;7;15;62;998;1,39 %;0,65 %;5,73 %;92,24 %;100,00 %;0
27;SANTANDER;184;SAN JOAQUIN;SAN JOAQUIN;2.266;98,19 %;929;TRUE;TRUE;192;12;7;1.050;1.175;1;2.225;7;7;318;0;98,19 %;2.225;1.406;63,19 %;1.398;8;15;227;1.156;1,07 %;0,57 %;16,15 %;82,22 %;100,00 %;0
27;SANTANDER;31;CALIFORNIA;CALIFORNIA;2.291;79,48 %;861;TRUE;TRUE;261;9;6;872;949;1;1.821;6;6;304;0;79,48 %;1.821;1.314;72,16 %;1.305;9;18;213;1.074;1,37 %;0,68 %;16,21 %;81,74 %;100,00 %;0
7;BOYACA;223;RONDON;RONDON;2.420;93,35 %;834;TRUE;TRUE;251;10;7;1.135;1.124;2;1.130;7;7;323;0;93,35 %;2.259;1.568;69,41 %;1.561;7;19;354;1.188;1,21 %;0,45 %;22,58 %;75,77 %;100,00 %;0
27;SANTANDER;109;HATO;HATO;2.432;89,88 %;935;TRUE;TRUE;180;14;8;1.047;1.139;2;1.093;8;8;273;0;89,88 %;2.186;1.577;72,14 %;1.564;11;21;304;1.239;1,33 %;0,70 %;19,28 %;78,57 %;99,87 %;-2
7;BOYACA;184;PAJARITO;PAJARITO;2.462;72,38 %;520;TRUE;TRUE;322;8;6;834;948;2;891;6;6;297;0;72,38 %;1.782;1.226;68,80 %;1.222;3;14;344;864;1,14 %;0,24 %;28,06 %;70,47 %;99,92 %;-1
27;SANTANDER;100;GUAPOTA;GUAPOTA;2.476;82,63 %;1.188;TRUE;TRUE;66;38;7;961;1.085;2;1.023;7;7;292;0;82,63 %;2.046;1.504;73,51 %;1.497;5;13;148;1.336;0,86 %;0,33 %;9,84 %;88,83 %;99,87 %;-2
7;BOYACA;178;PACHAVITA;PACHAVITA;2.489;78,18 %;814;TRUE;TRUE;68;37;6;923;1.023;1;1.946;6;6;324;0;78,18 %;1.946;1.414;72,66 %;1.393;19;9;285;1.099;0,64 %;1,34 %;20,16 %;77,72 %;99,86 %;-2
27;SANTANDER;195;SANTA BARBARA;SANTA BARBARA;2.512;94,51 %;1.198;TRUE;TRUE;224;11;9;1.072;1.302;4;594;9;9;264;0;94,51 %;2.374;1.720;72,45 %;1.709;10;19;246;1.444;1,10 %;0,58 %;14,30 %;83,95 %;99,94 %;-1
27;SANTANDER;190;SAN MIGUEL;SAN MIGUEL;2.543;85,88 %;878;TRUE;TRUE;71;36;10;984;1.200;6;364;10;10;218;0;85,88 %;2.184;1.461;66,90 %;1.453;6;15;280;1.158;1,03 %;0,41 %;19,16 %;79,26 %;99,86 %;-2
15;CUNDINAMARCA;133;JERUSALEN;JERUSALEN;2.553;111,28 %;807;TRUE;TRUE;236;11;9;1.252;1.589;1;2.841;9;9;316;0;111,28 %;2.841;1.819;64,03 %;1.816;2;11;499;1.306;0,60 %;0,11 %;27,43 %;71,80 %;99,95 %;-1
7;BOYACA;78;CHIVOR;CHIVOR;2.576;73,64 %;939;TRUE;TRUE;103;25;7;794;1.103;2;949;7;7;271;0;73,64 %;1.897;1.262;66,53 %;1.256;5;13;152;1.091;1,03 %;0,40 %;12,04 %;86,45 %;99,92 %;-1
7;BOYACA;55;CORRALES;CORRALES;2.595;93,37 %;480;TRUE;FALSE;60;43;7;1.185;1.238;1;2.423;7;7;346;0;93,37 %;2.423;1.845;76,15 %;1.827;15;29;659;1.139;1,57 %;0,81 %;35,72 %;61,73 %;99,84 %;-3
9;CALDAS;67;MARULANDA;MARULANDA;2.614;90,24 %;782;TRUE;TRUE;417;6;9;1.061;1.298;4;590;9;9;262;0;90,24 %;2.359;1.285;54,47 %;1.254;26;34;219;1.001;2,65 %;2,02 %;17,04 %;77,90 %;99,61 %;-5
27;SANTANDER;76;ENCINO;ENCINO;2.650;82,49 %;1.340;TRUE;TRUE;417;6;7;1.020;1.166;2;1.093;7;7;312;0;82,49 %;2.186;1.608;73,56 %;1.598;9;8;125;1.465;0,50 %;0,56 %;7,77 %;91,11 %;99,94 %;-1
7;BOYACA;193;PAYA;PAYA;2.687;65,61 %;833;TRUE;TRUE;435;6;6;798;965;3;588;6;6;294;0;65,61 %;1.763;1.202;68,18 %;1.193;6;12;174;1.007;1,00 %;0,50 %;14,48 %;83,78 %;99,75 %;-3
46;CASANARE;120;CHAMEZA;CHAMEZA;2.691;69,04 %;672;TRUE;TRUE;316;9;6;889;969;1;1.858;6;6;310;0;69,04 %;1.858;1.300;69,97 %;1.292;8;20;300;972;1,54 %;0,62 %;23,08 %;74,77 %;100,00 %;0
27;SANTANDER;154;PALMAS DEL SOCORRO;PALMAS DEL SOCORRO;2.694;99,15 %;1.482;TRUE;TRUE;57;47;8;1.241;1.430;1;2.671;8;8;334;0;99,15 %;2.671;2.011;75,29 %;2.000;8;32;243;1.725;1,59 %;0,40 %;12,08 %;85,78 %;99,85 %;-3
15;CUNDINAMARCA;172;NARIÑO;NARIÑO;2.718;108,06 %;94;TRUE;FALSE;50;54;9;1.380;1.557;1;2.937;9;9;326;0;108,06 %;2.937;1.908;64,96 %;1.899;5;17;894;988;0,89 %;0,26 %;46,86 %;51,78 %;99,79 %;-4
7;BOYACA;130;LA CAPILLA;LA CAPILLA;2.744;89,61 %;871;TRUE;TRUE;57;48;7;1.163;1.296;1;2.459;7;7;351;0;89,61 %;2.459;1.762;71,66 %;1.752;8;19;431;1.302;1,08 %;0,45 %;24,46 %;73,89 %;99,89 %;-2
7;BOYACA;58;COVARACHIA;COVARACHIA;2.755;124,07 %;1.576;TRUE;TRUE;103;27;12;1.525;1.893;5;684;12;12;285;0;124,07 %;3.418;2.097;61,35 %;2.090;5;14;250;1.826;0,67 %;0,24 %;11,92 %;87,08 %;99,90 %;-2
7;BOYACA;286;SUSACON;SUSACON;2.757;90,71 %;1.001;TRUE;TRUE;193;14;9;1.180;1.321;3;834;9;9;278;0;90,71 %;2.501;1.614;64,53 %;1.594;11;21;286;1.287;1,30 %;0,68 %;17,72 %;79,74 %;99,44 %;-9
68;VAUPES;17;TARAIRA;TARAIRA;2.765;67,85 %;-220;FALSE;FALSE;6.619;0;6;804;1.072;3;625;6;6;313;0;67,85 %;1.876;468;24,95 %;465;1;3;341;121;0,64 %;0,21 %;72,86 %;25,85 %;99,57 %;-2
7;BOYACA;136;LA UVITA;LA UVITA;2.784;85,85 %;1.079;TRUE;TRUE;176;16;9;1.143;1.247;3;797;9;9;266;0;85,85 %;2.390;1.608;67,28 %;1.598;8;25;247;1.326;1,55 %;0,50 %;15,36 %;82,46 %;99,88 %;-2
15;CUNDINAMARCA;22;BITUIMA;BITUIMA;2.832;103,46 %;872;TRUE;TRUE;61;46;10;1.282;1.648;3;977;10;10;293;0;103,46 %;2.930;1.825;62,29 %;1.812;9;30;455;1.327;1,64 %;0,49 %;24,93 %;72,71 %;99,78 %;-4
7;BOYACA;94;GACHANTIVA;GACHANTIVA;2.833;106,25 %;1.087;TRUE;TRUE;66;43;9;1.354;1.656;1;3.010;9;9;334;0;106,25 %;3.010;2.095;69,60 %;2.076;13;27;481;1.568;1,29 %;0,62 %;22,96 %;74,84 %;99,71 %;-6
1;ANTIOQUIA;7;ABRIAQUI;ABRIAQUI;2.864;70,84 %;841;TRUE;TRUE;290;10;7;928;1.101;2;1.015;7;7;290;0;70,84 %;2.029;1.214;59,83 %;1.201;9;20;170;1.011;1,65 %;0,74 %;14,00 %;83,28 %;99,67 %;-4
7;BOYACA;340;VIRACACHA;VIRACACHA;2.864;86,77 %;1.127;TRUE;TRUE;64;45;8;1.164;1.321;1;2.485;8;8;311;0;86,77 %;2.485;1.808;72,76 %;1.795;11;18;325;1.452;1,00 %;0,61 %;17,98 %;80,31 %;99,89 %;-2
7;BOYACA;77;CHIVATA;CHIVATA;2.890;116,09 %;635;TRUE;FALSE;49;59;10;1.626;1.729;1;3.355;10;10;336;0;116,09 %;3.355;2.534;75,53 %;2.522;12;31;928;1.563;1,22 %;0,47 %;36,62 %;61,68 %;100,00 %;0
7;BOYACA;280;SOMONDOCO;SOMONDOCO;2.937;98,06 %;873;TRUE;TRUE;58;51;9;1.412;1.468;1;2.880;9;9;320;0;98,06 %;2.880;1.929;66,98 %;1.910;15;19;509;1.382;0,98 %;0,78 %;26,39 %;71,64 %;99,79 %;-4
27;SANTANDER;67;CHIMA;CHIMA;2.941;88,20 %;1.248;TRUE;TRUE;152;19;8;1.183;1.411;2;1.297;8;8;324;0;88,20 %;2.594;1.786;68,85 %;1.779;5;23;254;1.502;1,29 %;0,28 %;14,22 %;84,10 %;99,89 %;-2
7;BOYACA;173;OICATA;OICATA;2.948;97,35 %;295;TRUE;FALSE;59;50;9;1.436;1.434;1;2.870;9;9;319;0;97,35 %;2.870;2.161;75,30 %;2.133;26;36;901;1.196;1,67 %;1,20 %;41,69 %;55,34 %;99,91 %;-2
27;SANTANDER;64;CHARTA;CHARTA;2.963;117,08 %;1.895;TRUE;TRUE;152;19;12;1.647;1.822;6;578;12;12;289;0;117,08 %;3.469;2.606;75,12 %;2.598;5;25;339;2.234;0,96 %;0,19 %;13,01 %;85,73 %;99,88 %;-3
27;SANTANDER;85;GALAN;GALAN;2.966;89,89 %;1.451;TRUE;TRUE;205;14;14;1.268;1.398;10;267;14;14;190;0;89,89 %;2.666;1.901;71,31 %;1.897;4;10;218;1.669;0,53 %;0,21 %;11,47 %;87,80 %;100,00 %;0
25;NORTE DE SAN;16;CACOTA;CACOTA;2.983;90,08 %;1.299;TRUE;TRUE;139;21;9;1.260;1.427;2;1.344;9;9;299;0;90,08 %;2.687;1.791;66,65 %;1.772;17;23;225;1.524;1,28 %;0,95 %;12,56 %;85,09 %;99,89 %;-2
60;AMAZONAS;13;LA CHORRERA;LA CHORRERA;3.032;37,34 %;-584;FALSE;FALSE;12.517;0;4;515;617;1;1.132;4;4;283;0;37,34 %;1.132;666;58,83 %;665;1;1;624;40;0,15 %;0,15 %;93,69 %;6,01 %;100,00 %;0
27;SANTANDER;178;SAN BENITO;SAN BENITO;3.049;97,02 %;1.085;TRUE;TRUE;67;46;9;1.335;1.623;2;1.479;9;9;329;0;97,02 %;2.958;1.605;54,26 %;1.601;3;8;254;1.339;0,50 %;0,19 %;15,83 %;83,43 %;99,94 %;-1
15;CUNDINAMARCA;121;GUATAQUI;GUATAQUI;3.057;90,22 %;324;TRUE;FALSE;87;35;8;1.290;1.468;1;2.758;8;8;345;0;90,22 %;2.758;1.617;58,63 %;1.610;6;10;638;962;0,62 %;0,37 %;39,46 %;59,49 %;99,94 %;-1
7;BOYACA;248;SAN MIGUEL DE SEMA;SAN MIGUEL DE SEMA;3.070;93,84 %;981;TRUE;TRUE;90;34;9;1.381;1.500;1;2.881;9;9;320;0;93,84 %;2.881;2.061;71,54 %;2.044;15;29;517;1.498;1,41 %;0,73 %;25,08 %;72,68 %;99,90 %;-2
7;BOYACA;85;EL ESPINO;EL ESPINO;3.114;70,13 %;1.062;TRUE;TRUE;70;44;8;1.071;1.113;2;1.092;8;8;273;0;70,13 %;2.184;1.480;67,77 %;1.471;8;17;196;1.258;1,15 %;0,54 %;13,24 %;85,00 %;99,93 %;-1
7;BOYACA;40;CAMPOHERMOSO;CAMPOHERMOSO;3.121;76,35 %;1.086;TRUE;TRUE;302;10;9;1.085;1.298;3;794;9;9;265;0;76,35 %;2.383;1.620;67,98 %;1.615;4;23;253;1.339;1,42 %;0,25 %;15,62 %;82,65 %;99,94 %;-1
7;BOYACA;281;SORA;SORA;3.138;94,58 %;555;TRUE;FALSE;47;67;9;1.461;1.507;1;2.968;9;9;330;0;94,58 %;2.968;2.217;74,70 %;2.190;23;41;797;1.352;1,85 %;1,04 %;35,95 %;60,98 %;99,82 %;-4
7;BOYACA;37;CALDAS;CALDAS;3.188;100,97 %;1.039;TRUE;TRUE;111;29;12;1.590;1.629;4;805;12;12;268;0;100,97 %;3.219;2.246;69,77 %;2.222;18;35;574;1.613;1,56 %;0,80 %;25,56 %;71,82 %;99,73 %;-6
7;BOYACA;247;SAN MATEO;SAN MATEO;3.193;110,37 %;1.601;TRUE;TRUE;131;24;11;1.666;1.858;2;1.762;11;11;320;0;110,37 %;3.524;2.198;62,37 %;2.188;7;27;280;1.881;1,23 %;0,32 %;12,74 %;85,58 %;99,86 %;-3
26;QUINDIO;5;BUENAVISTA;BUENAVISTA;3.253;82,32 %;455;TRUE;FALSE;144;23;8;1.237;1.441;2;1.339;8;8;335;0;82,32 %;2.678;1.694;63,26 %;1.676;16;29;596;1.051;1,71 %;0,94 %;35,18 %;62,04 %;99,88 %;-2
7;BOYACA;64;CHINAVITA;CHINAVITA;3.257;94,60 %;1.178;TRUE;TRUE;148;22;10;1.505;1.576;2;1.541;10;10;308;0;94,60 %;3.081;2.139;69,43 %;2.127;11;13;468;1.646;0,61 %;0,51 %;21,88 %;76,95 %;99,95 %;-1
7;BOYACA;256;SANTA SOFIA;SANTA SOFIA;3.275;99,94 %;1.476;TRUE;TRUE;78;42;10;1.609;1.664;1;3.273;10;10;327;0;99,94 %;3.273;2.324;71,01 %;2.301;20;27;399;1.875;1,16 %;0,86 %;17,17 %;80,68 %;99,87 %;-3
7;BOYACA;91;FLORESTA;FLORESTA;3.295;108,25 %;1.427;TRUE;TRUE;85;39;11;1.873;1.694;2;1.784;11;11;324;0;108,25 %;3.567;2.631;73,76 %;2.614;11;37;575;2.002;1,41 %;0,42 %;21,85 %;76,09 %;99,77 %;-6
17;CHOCO;40;SIPI;SIPI;3.296;96,66 %;-1.355;FALSE;FALSE;196;17;12;1.487;1.699;8;398;12;12;266;0;96,66 %;3.186;1.704;53,48 %;1.677;21;10;1.511;156;0,59 %;1,23 %;88,67 %;9,15 %;99,65 %;-6
7;BOYACA;179;PAEZ;PAEZ;3.308;72,73 %;1.152;TRUE;TRUE;1.852;2;8;1.132;1.274;3;802;8;8;301;0;72,73 %;2.406;1.804;74,98 %;1.791;9;29;305;1.457;1,61 %;0,50 %;16,91 %;80,76 %;99,78 %;-4
1;ANTIOQUIA;193;OLAYA;OLAYA;3.325;90,32 %;1.064;TRUE;TRUE;90;37;10;1.426;1.577;4;751;10;10;300;0;90,32 %;3.003;1.843;61,37 %;1.827;11;15;374;1.438;0,81 %;0,60 %;20,29 %;78,02 %;99,73 %;-5
7;BOYACA;311;TIPACOQUE;TIPACOQUE;3.355;107,87 %;1.263;TRUE;TRUE;72;47;11;1.703;1.916;2;1.810;11;11;329;0;107,87 %;3.619;2.269;62,70 %;2.248;15;17;484;1.747;0,75 %;0,66 %;21,33 %;76,99 %;99,74 %;-6
27;SANTANDER;49;CONFINES;CONFINES;3.380;84,82 %;1.660;TRUE;TRUE;88;38;10;1.279;1.588;2;1.434;10;10;287;0;84,82 %;2.867;2.126;74,15 %;2.113;7;25;214;1.874;1,18 %;0,33 %;10,07 %;88,15 %;99,72 %;-6
7;BOYACA;310;TINJACA;TINJACA;3.418;91,16 %;668;TRUE;FALSE;79;43;9;1.529;1.587;1;3.116;9;9;346;0;91,16 %;3.116;2.437;78,21 %;2.418;16;34;858;1.526;1,40 %;0,66 %;35,21 %;62,62 %;99,88 %;-3
27;SANTANDER;112;JESUS MARIA;JESUS MARIA;3.426;99,47 %;712;TRUE;FALSE;72;48;11;1.601;1.807;4;852;11;11;310;0;99,47 %;3.408;2.141;62,82 %;2.120;19;26;691;1.403;1,21 %;0,89 %;32,27 %;65,53 %;99,91 %;-2
7;BOYACA;109;GUAYATA;GUAYATA;3.458;112,52 %;1.762;TRUE;TRUE;103;34;11;1.853;2.038;1;3.891;11;11;354;0;112,52 %;3.891;2.765;71,06 %;2.753;10;21;485;2.247;0,76 %;0,36 %;17,54 %;81,27 %;99,93 %;-2
27;SANTANDER;194;SANTA HELENA DEL OPON;SANTA HELENA DEL OPON;3.500;96,43 %;1.611;TRUE;TRUE;387;9;12;1.473;1.902;5;675;12;12;281;0;96,43 %;3.375;2.153;63,79 %;2.143;7;30;251;1.862;1,39 %;0,33 %;11,66 %;86,48 %;99,86 %;-3
27;SANTANDER;79;ENCISO;ENCISO;3.535;99,09 %;1.658;TRUE;TRUE;72;49;15;1.616;1.887;8;438;15;15;234;0;99,09 %;3.503;2.421;69,11 %;2.406;13;26;361;2.019;1,07 %;0,54 %;14,91 %;83,40 %;99,92 %;-2
15;CUNDINAMARCA;106;GAMA;GAMA;3.545;88,66 %;1.125;TRUE;TRUE;123;29;9;1.519;1.624;2;1.572;9;9;349;0;88,66 %;3.143;2.150;68,41 %;2.127;18;26;488;1.613;1,21 %;0,84 %;22,70 %;75,02 %;99,77 %;-5
7;BOYACA;127;LABRANZAGRANDE;LABRANZAGRANDE;3.562;88,60 %;1.473;TRUE;TRUE;625;6;10;1.456;1.700;2;1.578;10;10;316;0;88,60 %;3.156;2.298;72,81 %;2.284;11;17;397;1.870;0,74 %;0,48 %;17,28 %;81,38 %;99,87 %;-3
7;BOYACA;251;SANTA MARIA;SANTA MARIA;3.567;87,86 %;506;TRUE;FALSE;314;11;11;1.474;1.660;3;1.045;11;11;285;0;87,86 %;3.134;2.121;67,68 %;2.092;25;34;776;1.282;1,60 %;1,18 %;36,59 %;60,44 %;99,81 %;-4
15;CUNDINAMARCA;286;TIBIRITA;TIBIRITA;3.623;83,27 %;774;TRUE;FALSE;57;64;9;1.421;1.596;1;3.017;9;9;335;0;83,27 %;3.017;2.035;67,45 %;2.015;15;21;610;1.384;1,03 %;0,74 %;29,98 %;68,01 %;99,75 %;-5
7;BOYACA;52;COPER;COPER;3.641;87,67 %;1.515;TRUE;TRUE;202;18;12;1.435;1.757;5;638;12;12;266;0;87,67 %;3.192;2.089;65,44 %;2.080;7;13;276;1.791;0,62 %;0,34 %;13,21 %;85,73 %;99,90 %;-2
46;CASANARE;800;SABANALARGA;SABANALARGA;3.646;77,13 %;1.097;TRUE;TRUE;421;9;10;1.365;1.447;3;937;10;10;281;0;77,13 %;2.812;2.088;74,25 %;2.065;21;24;472;1.569;1,15 %;1,01 %;22,61 %;75,14 %;99,90 %;-2
68;VAUPES;4;CARURU;CARURU;3.653;47,71 %;-546;FALSE;FALSE;6.271;1;6;759;984;2;872;6;6;291;0;47,71 %;1.743;769;44,12 %;765;3;5;653;107;0,65 %;0,39 %;84,92 %;13,91 %;99,87 %;-1
25;NORTE DE SAN;82;SANTIAGO;SANTIAGO;3.754;139,82 %;1.670;TRUE;TRUE;445;8;16;2.414;2.835;3;1.750;16;16;328;0;139,82 %;5.249;2.324;44,28 %;2.314;9;16;314;1.984;0,69 %;0,39 %;13,51 %;85,37 %;99,96 %;-1
7;BOYACA;319;TOPAGA;TOPAGA;3.771;92,18 %;1.137;TRUE;TRUE;37;102;11;1.814;1.662;2;1.738;11;11;316;0;92,18 %;3.476;2.640;75,95 %;2.614;21;45;716;1.853;1,70 %;0,80 %;27,12 %;70,19 %;99,81 %;-5
7;BOYACA;43;CERINZA;CERINZA;3.779;96,80 %;406;TRUE;FALSE;61;62;11;1.893;1.765;1;3.658;11;11;333;0;96,80 %;3.658;2.609;71,32 %;2.571;35;55;1.055;1.461;2,11 %;1,34 %;40,44 %;56,00 %;99,89 %;-3
15;CUNDINAMARCA;205;PULI;PULI;3.792;76,13 %;740;TRUE;TRUE;223;17;11;1.288;1.599;4;722;11;11;262;0;76,13 %;2.887;1.609;55,73 %;1.598;6;16;421;1.161;0,99 %;0,37 %;26,17 %;72,16 %;99,69 %;-5
27;SANTANDER;52;CONTRATACION;CONTRATACION;3.795;79,66 %;1.070;TRUE;TRUE;120;32;10;1.485;1.538;2;1.512;10;10;302;0;79,66 %;3.023;2.030;67,15 %;2.012;16;26;458;1.528;1,28 %;0,79 %;22,56 %;75,27 %;99,90 %;-2
29;TOLIMA;115;SUAREZ;SUAREZ;3.800;126,61 %;1.344;TRUE;TRUE;194;20;17;2.263;2.548;5;962;17;17;283;0;126,61 %;4.811;3.162;65,72 %;3.127;27;25;879;2.223;0,79 %;0,85 %;27,80 %;70,30 %;99,75 %;-8
7;BOYACA;60;CUCAITA;CUCAITA;3.862;89,25 %;307;TRUE;FALSE;43;90;10;1.690;1.757;1;3.447;10;10;345;0;89,25 %;3.447;2.536;73,57 %;2.514;15;25;1.091;1.398;0,99 %;0,59 %;43,02 %;55,13 %;99,72 %;-7
44;CAQUETA;17;MORELIA;MORELIA;3.868;102,77 %;958;TRUE;FALSE;465;8;14;1.793;2.182;4;994;14;14;284;0;102,77 %;3.975;2.276;57,26 %;2.248;24;32;629;1.587;1,41 %;1,05 %;27,64 %;69,73 %;99,82 %;-4
7;BOYACA;301;TENZA;TENZA;3.896;92,22 %;1.128;TRUE;TRUE;51;76;11;1.734;1.859;1;3.593;11;11;327;0;92,22 %;3.593;2.530;70,41 %;2.512;15;46;669;1.797;1,82 %;0,59 %;26,44 %;71,03 %;99,88 %;-3
15;CUNDINAMARCA;130;GUTIERREZ;GUTIERREZ;3.934;72,95 %;1.578;TRUE;TRUE;527;7;9;1.351;1.519;1;2.870;9;9;319;0;72,95 %;2.870;2.136;74,43 %;2.129;6;13;269;1.847;0,61 %;0,28 %;12,59 %;86,47 %;99,95 %;-1
1;ANTIOQUIA;230;SAN JOSE DE LA MONTAÑA;SAN JOSE DE LA MONTAÑA;3.943;83,01 %;1.051;TRUE;TRUE;127;31;10;1.524;1.749;1;3.273;10;10;327;0;83,01 %;3.273;1.739;53,13 %;1.714;18;49;307;1.358;2,82 %;1,04 %;17,65 %;78,09 %;99,60 %;-7
7;BOYACA;70;CHISCAS;CHISCAS;3.964;80,05 %;1.233;TRUE;TRUE;655;6;11;1.514;1.659;4;793;11;11;288;0;80,05 %;3.173;1.786;56,29 %;1.781;3;18;265;1.498;1,01 %;0,17 %;14,84 %;83,87 %;99,89 %;-2
7;BOYACA;124;JERICO;JERICO;3.966;84,95 %;1.667;TRUE;TRUE;179;22;12;1.547;1.822;3;1.123;12;12;281;0;84,95 %;3.369;2.086;61,92 %;2.072;9;9;198;1.865;0,43 %;0,43 %;9,49 %;89,41 %;99,76 %;-5
48;LA GUAJIRA;12;LA JAGUA DEL PILAR;LA JAGUA DEL PILAR;4.033;133,08 %;-545;FALSE;FALSE;267;15;16;2.530;2.837;2;2.684;16;16;335;0;133,08 %;5.367;3.085;57,48 %;3.065;15;24;1.793;1.248;0,78 %;0,49 %;58,12 %;40,45 %;99,84 %;-5
60;AMAZONAS;22;TARAPACA;TARAPACA;4.043;39,75 %;-324;FALSE;FALSE;9.153;0;5;737;870;2;804;5;5;321;0;39,75 %;1.607;621;38,64 %;612;8;24;456;132;3,86 %;1,29 %;73,43 %;21,26 %;99,84 %;-1
60;AMAZONAS;16;LA PEDRERA;LA PEDRERA;4.051;33,28 %;-359;FALSE;FALSE;13.945;0;4;613;735;1;1.348;4;4;337;0;33,28 %;1.348;472;35,01 %;467;1;4;411;52;0,85 %;0,21 %;87,08 %;11,02 %;99,15 %;-4
52;META;28;EL DORADO;EL DORADO;4.065;96,68 %;1.406;TRUE;TRUE;115;35;13;1.933;1.997;3;1.310;13;13;302;0;96,68 %;3.930;2.813;71,58 %;2.778;33;36;668;2.074;1,28 %;1,17 %;23,75 %;73,73 %;99,93 %;-2
27;SANTANDER;208;SURATA;SURATA;4.091;89,83 %;1.528;TRUE;TRUE;348;12;13;1.721;1.954;5;735;13;13;283;0;89,83 %;3.675;2.486;67,65 %;2.465;19;35;451;1.979;1,41 %;0,76 %;18,14 %;79,61 %;99,92 %;-2
27;SANTANDER;88;GAMBITA;GAMBITA;4.118;84,80 %;1.729;TRUE;TRUE;606;7;13;1.574;1.918;5;698;13;13;269;0;84,80 %;3.492;2.531;72,48 %;2.518;7;21;384;2.113;0,83 %;0,28 %;15,17 %;83,48 %;99,76 %;-6
15;CUNDINAMARCA;181;NIMAIMA;NIMAIMA;4.150;82,87 %;1.514;TRUE;TRUE;59;70;11;1.585;1.854;3;1.146;11;11;313;0;82,87 %;3.439;2.472;71,88 %;2.458;9;26;459;1.973;1,05 %;0,36 %;18,57 %;79,81 %;99,80 %;-5
1;ANTIOQUIA;85;CAROLINA;CAROLINA;4.160;103,58 %;1.211;TRUE;TRUE;200;21;13;2.115;2.194;1;4.309;13;13;331;0;103,58 %;4.309;2.630;61,04 %;2.599;26;44;672;1.883;1,67 %;0,99 %;25,55 %;71,60 %;99,81 %;-5
29;TOLIMA;80;MURILLO;MURILLO;4.174;89,70 %;444;TRUE;FALSE;364;11;12;1.659;2.085;3;1.248;12;12;312;0;89,70 %;3.744;1.901;50,77 %;1.881;17;19;709;1.153;1,00 %;0,89 %;37,30 %;60,65 %;99,84 %;-3
27;SANTANDER;148;ONZAGA;ONZAGA;4.188;85,03 %;1.718;TRUE;TRUE;486;9;14;1.657;1.904;6;594;14;14;254;0;85,03 %;3.561;2.316;65,04 %;2.294;12;18;279;1.997;0,78 %;0,52 %;12,05 %;86,23 %;99,57 %;-10
7;BOYACA;82;EL COCUY;EL COCUY;4.196;79,98 %;1.238;TRUE;TRUE;253;17;11;1.593;1.763;4;839;11;11;305;0;79,98 %;3.356;2.086;62,16 %;2.057;28;51;384;1.622;2,44 %;1,34 %;18,41 %;77,76 %;99,95 %;-1
27;SANTANDER;139;MOLAGAVITA;MOLAGAVITA;4.213;92,90 %;1.953;TRUE;TRUE;197;21;17;1.775;2.139;12;326;17;17;230;0;92,90 %;3.914;2.534;64,74 %;2.521;12;18;275;2.228;0,71 %;0,47 %;10,85 %;87,92 %;99,96 %;-1
7;BOYACA;199;PAZ DE RIO;PAZ DE RIO;4.281;94,53 %;-299;FALSE;FALSE;116;37;13;2.004;2.043;2;2.024;13;13;311;0;94,53 %;4.047;2.654;65,58 %;2.619;32;52;1.433;1.134;1,96 %;1,21 %;53,99 %;42,73 %;99,89 %;-3
25;NORTE DE SAN;55;LOURDES;LOURDES;4.290;88,88 %;2.399;TRUE;TRUE;87;49;11;1.743;2.070;1;3.813;11;11;347;0;88,88 %;3.813;2.712;71,13 %;2.706;4;25;141;2.540;0,92 %;0,15 %;5,20 %;93,66 %;99,93 %;-2
15;CUNDINAMARCA;163;MANTA;MANTA;4.294;93,71 %;1.776;TRUE;TRUE;105;41;12;1.914;2.110;1;4.024;12;12;335;0;93,71 %;4.024;2.960;73,56 %;2.944;11;38;565;2.341;1,28 %;0,37 %;19,09 %;79,09 %;99,83 %;-5
27;SANTANDER;103;GUAVATA;GUAVATA;4.300;106,67 %;970;TRUE;FALSE;56;77;13;2.146;2.441;1;4.587;13;13;353;0;106,67 %;4.587;3.020;65,84 %;2.999;19;41;994;1.964;1,36 %;0,63 %;32,91 %;65,03 %;99,93 %;-2
7;BOYACA;292;SUTATENZA;SUTATENZA;4.305;91,48 %;1.059;TRUE;FALSE;41;105;12;1.972;1.966;1;3.938;12;12;328;0;91,48 %;3.938;2.811;71,38 %;2.771;33;40;836;1.895;1,42 %;1,17 %;29,74 %;67,41 %;99,75 %;-7
72;VICHADA;2;SANTA ROSALIA;SANTA ROSALIA;4.340;79,65 %;1.030;TRUE;TRUE;3.937;1;12;1.608;1.849;4;864;12;12;288;0;79,65 %;3.457;1.949;56,38 %;1.938;11;22;443;1.473;1,13 %;0,56 %;22,73 %;75,58 %;100,00 %;0
40;ARAUCA;15;CRAVO NORTE;CRAVO NORTE;4.341;85,30 %;896;TRUE;TRUE;5.301;1;11;1.652;2.051;1;3.703;11;11;337;0;85,30 %;3.703;1.714;46,29 %;1.707;6;21;395;1.291;1,23 %;0,35 %;23,05 %;75,32 %;99,94 %;-1
23;NARIÑO;96;NARIÑO;NARIÑO;4.355;119,98 %;-1.402;FALSE;FALSE;50;87;16;2.705;2.520;3;1.742;16;16;327;0;119,98 %;5.225;3.970;75,98 %;3.926;40;40;2.644;1.242;1,01 %;1,01 %;66,60 %;31,28 %;99,90 %;-4
27;SANTANDER;37;CARCASI;CARCASI;4.370;84,12 %;1.793;TRUE;TRUE;426;10;16;1.649;2.027;10;368;16;16;230;0;84,12 %;3.676;2.357;64,12 %;2.349;7;26;265;2.058;1,10 %;0,30 %;11,24 %;87,31 %;99,96 %;-1
7;BOYACA;157;MONGUI;MONGUI;4.377;91,98 %;1.036;TRUE;FALSE;69;63;12;2.095;1.931;1;4.026;12;12;336;0;91,98 %;4.026;3.027;75,19 %;3.001;22;41;962;1.998;1,35 %;0,73 %;31,78 %;66,01 %;99,87 %;-4
7;BOYACA;112;GUICAN;GUICAN;4.386;70,13 %;307;TRUE;FALSE;917;5;12;1.466;1.610;5;615;12;12;256;0;70,13 %;3.076;1.876;60,99 %;1.850;22;31;756;1.063;1,65 %;1,17 %;40,30 %;56,66 %;99,79 %;-4
27;SANTANDER;187;SAN JOSE DE MIRANDA;SAN JOSE DE MIRANDA;4.401;102,29 %;2.260;TRUE;TRUE;85;52;16;2.131;2.371;7;643;16;16;281;0;102,29 %;4.502;3.196;70,99 %;3.173;21;41;436;2.696;1,28 %;0,66 %;13,64 %;84,36 %;99,94 %;-2
19;HUILA;31;ELIAS;ELIAS;4.404;89,96 %;1.262;TRUE;TRUE;82;54;13;1.844;2.118;3;1.321;13;13;305;0;89,96 %;3.962;2.643;66,71 %;2.626;11;34;665;1.927;1,29 %;0,42 %;25,16 %;72,91 %;99,77 %;-6
7;BOYACA;316;TOGUI;TOGUI;4.420;101,11 %;1.573;TRUE;TRUE;118;37;13;2.044;2.425;2;2.235;13;13;344;0;101,11 %;4.469;2.737;61,24 %;2.712;20;27;556;2.129;0,99 %;0,73 %;20,31 %;77,79 %;99,82 %;-5
27;SANTANDER;7;ALBANIA;ALBANIA;4.450;81,28 %;1.296;TRUE;TRUE;167;27;15;1.673;1.944;7;517;15;15;241;0;81,28 %;3.617;2.302;63,64 %;2.285;12;17;486;1.782;0,74 %;0,52 %;21,11 %;77,41 %;99,78 %;-5
19;HUILA;16;ALTAMIRA;ALTAMIRA;4.472;79,99 %;394;TRUE;FALSE;188;24;11;1.769;1.808;1;3.577;11;11;325;0;79,99 %;3.577;2.337;65,33 %;2.325;11;33;949;1.343;1,41 %;0,47 %;40,61 %;57,47 %;99,96 %;-1
7;BOYACA;31;BUENAVISTA;BUENAVISTA;4.483;111,71 %;2.158;TRUE;TRUE;144;31;16;2.273;2.735;4;1.252;16;16;313;0;111,71 %;5.008;3.458;69,05 %;3.437;19;35;622;2.780;1,01 %;0,55 %;17,99 %;80,39 %;99,94 %;-2
29;TOLIMA;4;ALPUJARRA;ALPUJARRA;4.491;83,37 %;1.342;TRUE;TRUE;473;9;15;1.758;1.986;7;535;15;15;250;0;83,37 %;3.744;2.383;63,65 %;2.359;21;27;495;1.837;1,13 %;0,88 %;20,77 %;77,09 %;99,87 %;-3
44;CAQUETA;2;ALBANIA;ALBANIA;4.538;99,54 %;820;TRUE;FALSE;167;27;14;2.164;2.353;2;2.259;14;14;323;0;99,54 %;4.517;2.837;62,81 %;2.790;37;62;954;1.774;2,19 %;1,30 %;33,63 %;62,53 %;99,65 %;-10
27;SANTANDER;97;GUADALUPE;GUADALUPE;4.584;93,59 %;2.299;TRUE;TRUE;382;12;15;2.014;2.276;5;858;15;15;286;0;93,59 %;4.290;3.122;72,77 %;3.110;10;27;392;2.691;0,86 %;0,32 %;12,56 %;86,19 %;99,94 %;-2
25;NORTE DE SAN;58;MUTISCUA;MUTISCUA;4.638;72,29 %;2.069;TRUE;TRUE;159;29;10;1.580;1.773;3;1.118;10;10;335;0;72,29 %;3.353;2.423;72,26 %;2.406;10;25;156;2.225;1,03 %;0,41 %;6,44 %;91,83 %;99,71 %;-7
7;BOYACA;154;MONGUA;MONGUA;4.710;87,01 %;2.183;TRUE;TRUE;365;13;13;2.112;1.986;3;1.366;13;13;315;0;87,01 %;4.098;3.160;77,11 %;3.149;7;18;474;2.657;0,57 %;0,22 %;15,00 %;84,08 %;99,87 %;-4
7;BOYACA;346;ZETAQUIRA;ZETAQUIRA;4.716;98,37 %;1.517;TRUE;TRUE;226;21;14;2.251;2.388;1;4.639;14;14;331;0;98,37 %;4.639;3.212;69,24 %;3.197;13;40;820;2.337;1,25 %;0,40 %;25,53 %;72,76 %;99,94 %;-2
15;CUNDINAMARCA;193;PAIME;PAIME;4.719;108,98 %;1.806;TRUE;TRUE;171;28;17;2.338;2.805;5;1.029;17;17;303;0;108,98 %;5.143;3.062;59,54 %;3.049;8;27;608;2.414;0,88 %;0,26 %;19,86 %;78,84 %;99,84 %;-5
15;CUNDINAMARCA;295;TOPAIPI;TOPAIPI;4.725;91,89 %;1.610;TRUE;TRUE;150;32;13;1.956;2.386;3;1.447;13;13;334;0;91,89 %;4.342;2.559;58,94 %;2.543;11;29;452;2.062;1,13 %;0,43 %;17,66 %;80,58 %;99,80 %;-5
1;ANTIOQUIA;78;CARACOLI;CARACOLI;4.746;102,30 %;1.061;TRUE;TRUE;260;18;16;2.262;2.593;4;1.214;16;16;303;0;102,30 %;4.855;2.312;47,62 %;2.285;21;30;597;1.658;1,30 %;0,91 %;25,82 %;71,71 %;99,74 %;-6
7;BOYACA;46;CIENEGA;CIENEGA;4.747;81,34 %;2.074;TRUE;TRUE;73;65;11;1.888;1.973;1;3.861;11;11;351;0;81,34 %;3.861;2.875;74,46 %;2.859;11;31;377;2.451;1,08 %;0,38 %;13,11 %;85,25 %;99,83 %;-5
28;SUCRE;45;CHALAN;CHALAN;4.761;108,34 %;-79;FALSE;FALSE;76;63;17;2.396;2.762;4;1.290;17;17;303;0;108,34 %;5.158;3.124;60,57 %;3.103;10;22;1.580;1.501;0,70 %;0,32 %;50,58 %;48,05 %;99,65 %;-11
12;CESAR;525;GONZALEZ;GONZALEZ;4.794;105,55 %;1.087;TRUE;FALSE;75;64;20;2.403;2.657;10;506;20;20;253;0;105,55 %;5.060;2.886;57,04 %;2.854;31;71;848;1.935;2,46 %;1,07 %;29,38 %;67,05 %;99,97 %;-1
15;CUNDINAMARCA;52;CHAGUANI;CHAGUANI;4.813;82,78 %;1.412;TRUE;TRUE;142;34;12;1.779;2.205;1;3.984;12;12;332;0;82,78 %;3.984;2.560;64,26 %;2.539;14;19;554;1.966;0,74 %;0,55 %;21,64 %;76,80 %;99,73 %;-7
7;BOYACA;68;CHIQUIZA;CHIQUIZA;4.837;98,59 %;1.268;TRUE;FALSE;71;68;15;2.182;2.587;2;2.385;15;15;318;0;98,59 %;4.769;3.127;65,57 %;3.098;26;22;904;2.172;0,70 %;0,83 %;28,91 %;69,46 %;99,90 %;-3
15;CUNDINAMARCA;97;GACHALA;GACHALA;4.858;106,07 %;1.385;TRUE;TRUE;448;11;18;2.332;2.821;5;1.031;18;18;286;0;106,07 %;5.153;3.106;60,28 %;3.080;20;33;831;2.216;1,06 %;0,64 %;26,75 %;71,35 %;99,81 %;-6
1;ANTIOQUIA;79;CARAMANTA;CARAMANTA;4.868;102,01 %;1.576;TRUE;TRUE;86;57;16;2.318;2.648;4;1.242;16;16;310;0;102,01 %;4.966;2.802;56,42 %;2.762;29;34;576;2.152;1,21 %;1,03 %;20,56 %;76,80 %;99,61 %;-11
15;CUNDINAMARCA;316;UTICA;UTICA;4.890;102,90 %;2.536;TRUE;TRUE;92;53;15;2.345;2.687;1;5.032;15;15;335;0;102,90 %;5.032;3.504;69,63 %;3.484;16;32;458;2.994;0,91 %;0,46 %;13,07 %;85,45 %;99,89 %;-4
7;BOYACA;22;BOAVITA;BOAVITA;4.892;99,73 %;1.485;TRUE;TRUE;159;31;15;2.354;2.525;3;1.626;15;15;325;0;99,73 %;4.879;2.941;60,28 %;2.916;23;27;702;2.187;0,92 %;0,78 %;23,87 %;74,36 %;99,93 %;-2
15;CUNDINAMARCA;318;VENECIA;VENECIA;4.907;77,22 %;465;TRUE;FALSE;121;41;13;1.753;2.036;4;947;13;13;291;0;77,22 %;3.789;2.408;63,55 %;2.398;8;25;954;1.419;1,04 %;0,33 %;39,62 %;58,93 %;99,92 %;-2
1;ANTIOQUIA;10;ALEJANDRIA;ALEJANDRIA;4.920;96,40 %;1.946;TRUE;TRUE;151;33;14;2.256;2.487;1;4.743;14;14;339;0;96,40 %;4.743;3.024;63,76 %;2.997;16;43;504;2.450;1,42 %;0,53 %;16,67 %;81,02 %;99,64 %;-11
25;NORTE DE SAN;34;DURANIA;DURANIA;4.926;141,92 %;2.501;TRUE;TRUE;177;28;22;3.357;3.634;4;1.748;22;22;318;0;141,92 %;6.991;3.302;47,23 %;3.280;18;31;374;2.875;0,94 %;0,55 %;11,33 %;87,07 %;99,88 %;-4
7;BOYACA;97;GAMEZA;GAMEZA;4.947;81,20 %;1.808;TRUE;TRUE;88;56;13;1.979;2.038;2;2.009;13;13;309;0;81,20 %;4.017;2.889;71,92 %;2.873;14;25;520;2.328;0,87 %;0,48 %;18,00 %;80,58 %;99,93 %;-2
1;ANTIOQUIA;97;CONCEPCION;CONCEPCION;4.983;91,61 %;2.174;TRUE;TRUE;686;7;13;2.213;2.352;1;4.565;13;13;351;0;91,61 %;4.565;2.996;65,63 %;2.974;15;56;372;2.546;1,87 %;0,50 %;12,42 %;84,98 %;99,77 %;-7
27;SANTANDER;157;PARAMO;PARAMO;4.997;80,61 %;2.217;TRUE;TRUE;81;62;12;1.928;2.100;1;4.028;12;12;336;0;80,61 %;4.028;3.194;79,29 %;3.178;14;31;465;2.682;0,97 %;0,44 %;14,56 %;83,97 %;99,94 %;-2
29;TOLIMA;127;VILLARRICA;VILLARRICA;4.997;103,06 %;1.596;TRUE;TRUE;460;11;17;2.261;2.889;5;1.030;17;17;303;0;103,06 %;5.150;3.040;59,03 %;3.019;14;23;700;2.296;0,76 %;0,46 %;23,03 %;75,53 %;99,77 %;-7
27;SANTANDER;118;LA PAZ;LA PAZ;5.045;80,54 %;1.823;TRUE;TRUE;270;19;14;1.868;2.195;4;1.016;14;14;290;0;80,54 %;4.063;2.537;62,44 %;2.511;23;28;330;2.153;1,10 %;0,91 %;13,01 %;84,86 %;99,88 %;-3
9;CALDAS;120;SAN JOSE;SAN JOSE;5.050;98,22 %;987;TRUE;FALSE;53;95;16;2.291;2.669;3;1.653;16;16;310;0;98,22 %;4.960;2.936;59,19 %;2.891;34;54;925;1.912;1,84 %;1,16 %;31,51 %;65,12 %;99,63 %;-11
17;CHOCO;37;SAN JOSE DEL PALMAR;SAN JOSE DEL PALMAR;5.078;84,13 %;-791;FALSE;FALSE;947;5;21;1.920;2.352;14;305;21;21;203;0;84,13 %;4.272;2.211;51,76 %;2.152;46;49;1.447;656;2,22 %;2,08 %;65,45 %;29,67 %;99,41 %;-13
7;BOYACA;215;QUIPAMA;QUIPAMA;5.080;97,74 %;1.692;TRUE;TRUE;182;28;17;2.036;2.929;6;828;17;17;292;0;97,74 %;4.965;2.833;57,06 %;2.801;28;21;544;2.236;0,74 %;0,99 %;19,20 %;78,93 %;99,86 %;-4
7;BOYACA;238;SAN JOSE DE PARE;SAN JOSE DE PARE;5.098;107,96 %;2.102;TRUE;TRUE;73;70;18;2.525;2.979;5;1.101;18;18;306;0;107,96 %;5.504;3.504;63,66 %;3.481;14;25;677;2.779;0,71 %;0,40 %;19,32 %;79,31 %;99,74 %;-9
15;CUNDINAMARCA;283;TIBACUY;TIBACUY;5.116;89,50 %;612;TRUE;FALSE;84;61;14;2.191;2.388;3;1.526;14;14;327;0;89,50 %;4.579;3.143;68,64 %;3.113;24;37;1.232;1.844;1,18 %;0,76 %;39,20 %;58,67 %;99,81 %;-6
15;CUNDINAMARCA;322;VIANI;VIANI;5.147;84,81 %;1.258;TRUE;FALSE;68;76;13;2.040;2.325;1;4.365;13;13;336;0;84,81 %;4.365;3.034;69,51 %;3.018;14;32;864;2.122;1,05 %;0,46 %;28,48 %;69,94 %;99,93 %;-2
40;ARAUCA;20;PUERTO RONDON;PUERTO RONDON;5.154;75,79 %;1.229;TRUE;TRUE;2.186;2;12;1.772;2.134;1;3.906;12;12;326;0;75,79 %;3.906;1.877;48,05 %;1.865;8;26;305;1.534;1,39 %;0,43 %;16,25 %;81,73 %;99,79 %;-4
27;SANTANDER;55;COROMORO;COROMORO;5.155;83,94 %;2.466;TRUE;TRUE;247;21;14;2.033;2.294;3;1.442;14;14;309;0;83,94 %;4.327;3.205;74,07 %;3.189;10;21;351;2.817;0,66 %;0,31 %;10,95 %;87,89 %;99,81 %;-6
27;SANTANDER;133;MATANZA;MATANZA;5.166;102,83 %;2.522;TRUE;TRUE;243;21;18;2.467;2.845;6;885;18;18;295;0;102,83 %;5.312;3.797;71,48 %;3.773;21;35;608;3.130;0,92 %;0,55 %;16,01 %;82,43 %;99,92 %;-3
7;BOYACA;142;MACANAL;MACANAL;5.172;70,65 %;1.387;TRUE;TRUE;199;26;13;1.729;1.925;3;1.218;13;13;281;0;70,65 %;3.654;2.480;67,87 %;2.452;19;37;514;1.901;1,49 %;0,77 %;20,73 %;76,65 %;99,64 %;-9
7;BOYACA;25;BOYACA;BOYACA;5.219;87,18 %;1.309;TRUE;FALSE;48;109;13;2.100;2.450;1;4.550;13;13;350;0;87,18 %;4.550;3.154;69,32 %;3.117;25;28;890;2.199;0,89 %;0,79 %;28,22 %;69,72 %;99,62 %;-12
27;SANTANDER;70;CHIPATA;CHIPATA;5.226;83,08 %;1.206;TRUE;TRUE;94;56;13;1.993;2.349;1;4.342;13;13;334;0;83,08 %;4.342;2.693;62,02 %;2.664;27;40;709;1.915;1,49 %;1,00 %;26,33 %;71,11 %;99,93 %;-2
15;CUNDINAMARCA;127;GUAYABAL DE SIQUIMA;GUAYABAL DE SIQUIMA;5.231;87,17 %;1.226;TRUE;FALSE;63;83;15;2.231;2.329;3;1.520;15;15;304;0;87,17 %;4.560;3.314;72,68 %;3.281;26;59;998;2.224;1,78 %;0,78 %;30,11 %;67,11 %;99,79 %;-7
31;VALLE;13;ARGELIA;ARGELIA;5.280;109,00 %;1.451;TRUE;TRUE;87;61;20;2.606;3.149;8;719;20;20;288;0;109,00 %;5.755;3.000;52,13 %;2.962;31;41;735;2.186;1,37 %;1,03 %;24,50 %;72,87 %;99,77 %;-7
1;ANTIOQUIA;277;TOLEDO;TOLEDO;5.281;88,88 %;685;TRUE;FALSE;1.578;3;14;2.157;2.537;3;1.565;14;14;335;0;88,88 %;4.694;2.130;45,38 %;2.067;50;90;646;1.331;4,23 %;2,35 %;30,33 %;62,49 %;99,39 %;-13
15;CUNDINAMARCA;70;EL PEÑON;EL PEÑON;5.282;86,94 %;2.024;TRUE;TRUE;130;41;15;2.059;2.533;3;1.531;15;15;306;0;86,94 %;4.592;2.970;64,68 %;2.946;16;28;447;2.471;0,94 %;0,54 %;15,05 %;83,20 %;99,73 %;-8
1;ANTIOQUIA;40;ARMENIA;ARMENIA;5.314;86,30 %;1.379;TRUE;TRUE;250;21;14;2.152;2.434;2;2.293;14;14;328;0;86,30 %;4.586;2.521;54,97 %;2.497;12;30;544;1.923;1,19 %;0,48 %;21,58 %;76,28 %;99,52 %;-12
7;BOYACA;169;NUEVO COLON;NUEVO COLON;5.320;92,52 %;1.340;TRUE;FALSE;51;104;14;2.359;2.563;1;4.922;14;14;352;0;92,52 %;4.922;3.576;72,65 %;3.548;21;42;1.083;2.423;1,17 %;0,59 %;30,29 %;67,76 %;99,80 %;-7
26;QUINDIO;70;PIJAO;PIJAO;5.324;108,34 %;1.122;TRUE;FALSE;243;22;18;2.596;3.172;4;1.442;18;18;320;0;108,34 %;5.768;3.313;57,44 %;3.262;40;48;1.046;2.168;1,45 %;1,21 %;31,57 %;65,44 %;99,67 %;-11
7;BOYACA;322;TOTA;TOTA;5.336;84,16 %;1.585;TRUE;TRUE;314;17;14;2.198;2.293;3;1.497;14;14;321;0;84,16 %;4.491;2.871;63,93 %;2.836;20;17;617;2.202;0,59 %;0,70 %;21,49 %;76,70 %;99,48 %;-15
29;TOLIMA;118;VALLE DE SAN JUAN;VALLE DE SAN JUAN;5.400;89,33 %;2.008;TRUE;TRUE;198;27;17;2.207;2.617;5;965;17;17;284;0;89,33 %;4.824;3.187;66,07 %;3.170;14;24;569;2.577;0,75 %;0,44 %;17,85 %;80,86 %;99,91 %;-3
25;NORTE DE SAN;97;VILLA CARO;VILLA CARO;5.428;75,92 %;2.284;TRUE;TRUE;402;14;13;2.019;2.102;2;2.061;13;13;317;0;75,92 %;4.121;2.729;66,22 %;2.713;13;21;204;2.488;0,77 %;0,48 %;7,48 %;91,17 %;99,89 %;-3
11;CAUCA;27;FLORENCIA;FLORENCIA;5.432;93,24 %;-2.112;FALSE;FALSE;56;97;16;2.432;2.633;3;1.688;16;16;317;0;93,24 %;5.065;4.055;80,06 %;3.920;109;182;2.925;813;4,49 %;2,69 %;72,13 %;20,05 %;99,36 %;-26
15;CUNDINAMARCA;208;QUEBRADANEGRA;QUEBRADANEGRA;5.434;80,16 %;2.250;TRUE;TRUE;83;65;14;2.037;2.319;4;1.089;14;14;311;0;80,16 %;4.356;3.302;75,80 %;3.275;20;41;492;2.742;1,24 %;0,61 %;14,90 %;83,04 %;99,79 %;-7
27;SANTANDER;106;GUEPSA;GUEPSA;5.447;82,61 %;869;TRUE;FALSE;33;165;13;2.167;2.333;1;4.500;13;13;346;0;82,61 %;4.500;2.646;58,80 %;2.615;29;32;857;1.726;1,21 %;1,10 %;32,39 %;65,23 %;99,92 %;-2
1;ANTIOQUIA;184;MURINDO;MURINDO;5.483;65,88 %;-1.863;FALSE;FALSE;1.349;4;13;1.750;1.862;4;903;13;13;278;0;65,88 %;3.612;2.142;59,30 %;2.130;5;5;1.994;131;0,23 %;0,23 %;93,09 %;6,12 %;99,67 %;-7
31;VALLE;109;ULLOA;ULLOA;5.488;98,09 %;116;TRUE;FALSE;42;131;18;2.587;2.796;6;897;18;18;299;0;98,09 %;5.383;2.916;54,17 %;2.866;41;32;1.359;1.475;1,10 %;1,41 %;46,60 %;50,58 %;99,69 %;-9
15;CUNDINAMARCA;226;SAN CAYETANO;SAN CAYETANO;5.490;81,09 %;1.922;TRUE;TRUE;144;38;16;1.974;2.478;8;557;16;16;278;0;81,09 %;4.452;2.743;61,61 %;2.734;6;36;388;2.310;1,31 %;0,22 %;14,15 %;84,21 %;99,89 %;-3
11;CAUCA;79;SANTA ROSA;SANTA ROSA;5.513;74,75 %;-1.121;FALSE;FALSE;3.198;2;18;1.906;2.215;11;375;18;18;229;0;74,75 %;4.121;2.615;63,46 %;2.595;17;26;1.845;724;0,99 %;0,65 %;70,55 %;27,69 %;99,89 %;-3
29;TOLIMA;100;RONCESVALLES;RONCESVALLES;5.520;79,84 %;1.205;TRUE;TRUE;790;7;14;1.988;2.419;3;1.469;14;14;315;0;79,84 %;4.407;2.166;49,15 %;2.143;19;32;453;1.658;1,48 %;0,88 %;20,91 %;76,55 %;99,82 %;-4
27;SANTANDER;163;PINCHOTE;PINCHOTE;5.525;72,13 %;1.653;TRUE;TRUE;53;104;12;1.990;1.995;1;3.985;12;12;332;0;72,13 %;3.985;3.112;78,09 %;3.095;14;36;703;2.356;1,16 %;0,45 %;22,59 %;75,71 %;99,90 %;-3
15;CUNDINAMARCA;337;ZIPACON;ZIPACON;5.539;78,55 %;651;TRUE;FALSE;70;79;13;2.098;2.253;2;2.176;13;13;335;0;78,55 %;4.351;3.098;71,20 %;3.046;46;51;1.172;1.823;1,65 %;1,48 %;37,83 %;58,84 %;99,81 %;-6
23;NARIÑO;101;PROVIDENCIA;PROVIDENCIA;5.564;92,38 %;-3.177;FALSE;FALSE;44;126;15;2.581;2.559;2;2.570;15;15;343;0;92,38 %;5.140;3.948;76,81 %;3.921;22;28;3.535;358;0,71 %;0,56 %;89,54 %;9,07 %;99,87 %;-5
7;BOYACA;241;SAN LUIS DE GACENO;SAN LUIS DE GACENO;5.581;75,09 %;2.079;TRUE;TRUE;458;12;15;1.970;2.221;6;699;15;15;279;0;75,09 %;4.191;2.876;68,62 %;2.857;16;34;372;2.451;1,18 %;0,56 %;12,93 %;85,22 %;99,90 %;-3
15;CUNDINAMARCA;29;CABRERA;CABRERA;5.583;64,27 %;-615;FALSE;FALSE;68;82;11;1.613;1.975;2;1.794;11;11;326;0;64,27 %;3.588;2.237;62,35 %;2.224;13;17;1.411;796;0,76 %;0,58 %;63,08 %;35,58 %;100,00 %;0
27;SANTANDER;34;CAPITANEJO;CAPITANEJO;5.622;88,74 %;1.897;TRUE;TRUE;81;69;15;2.414;2.575;1;4.989;15;15;333;0;88,74 %;4.989;3.230;64,74 %;3.213;11;34;641;2.538;1,05 %;0,34 %;19,85 %;78,58 %;99,81 %;-6
1;ANTIOQUIA;148;HELICONIA;HELICONIA;5.650;107,79 %;1.647;TRUE;TRUE;117;48;19;2.866;3.224;5;1.218;19;19;321;0;107,79 %;6.090;3.335;54,76 %;3.284;34;55;791;2.438;1,65 %;1,02 %;23,72 %;73,10 %;99,49 %;-17
27;SANTANDER;75;EL PEÑON;EL PEÑON;5.650;70,28 %;1.438;TRUE;TRUE;130;43;18;1.743;2.228;11;361;18;18;221;0;70,28 %;3.971;2.293;57,74 %;2.280;10;26;408;1.846;1,13 %;0,44 %;17,79 %;80,51 %;99,87 %;-3
68;VAUPES;13;BUENOS AIRES (PACOA);BUENOS AIRES (PACOA);5.709;21,95 %;-545;FALSE;FALSE;410;14;6;557;696;4;313;6;6;209;0;21,95 %;1.253;582;46,45 %;579;2;2;561;16;0,34 %;0,34 %;96,39 %;2,75 %;99,83 %;-1
29;TOLIMA;112;SANTA ISABEL;SANTA ISABEL;5.715;100,23 %;1.686;TRUE;TRUE;415;14;24;2.522;3.206;10;573;24;24;239;0;100,23 %;5.728;3.153;55,05 %;3.120;29;38;698;2.384;1,21 %;0,92 %;22,14 %;75,61 %;99,87 %;-4
17;CHOCO;32;RIO IRO;RIO IRO;5.725;82,22 %;-1.026;FALSE;FALSE;520;11;19;2.282;2.425;10;471;19;19;248;0;82,22 %;4.707;2.014;42,79 %;1.956;55;14;1.484;458;0,70 %;2,73 %;73,68 %;22,74 %;99,85 %;-3
27;SANTANDER;80;FLORIAN;FLORIAN;5.735;106,63 %;1.490;TRUE;FALSE;170;34;21;2.798;3.317;6;1.019;21;21;291;0;106,63 %;6.115;3.666;59,95 %;3.648;12;38;1.060;2.550;1,04 %;0,33 %;28,91 %;69,56 %;99,84 %;-6
15;CUNDINAMARCA;91;FUQUENE;FUQUENE;5.747;74,77 %;976;TRUE;FALSE;90;64;13;2.158;2.139;3;1.432;13;13;331;0;74,77 %;4.297;3.231;75,19 %;3.201;27;73;1.076;2.052;2,26 %;0,84 %;33,30 %;63,51 %;99,91 %;-3
64;PUTUMAYO;7;COLON;COLON;5.759;82,20 %;-1.395;FALSE;FALSE;77;75;14;2.424;2.310;2;2.367;14;14;338;0;82,20 %;4.734;3.327;70,28 %;3.307;19;24;2.339;944;0,72 %;0,57 %;70,30 %;28,37 %;99,97 %;-1
23;NARIÑO;39;CUMBITARA;CUMBITARA;5.780;133,88 %;-5.121;FALSE;FALSE;365;16;27;3.485;4.253;10;774;27;27;287;0;133,88 %;7.738;5.752;74,33 %;5.711;39;64;5.384;263;1,11 %;0,68 %;93,60 %;4,57 %;99,97 %;-2
7;BOYACA;232;SACHICA;SACHICA;5.790;76,60 %;1.292;TRUE;FALSE;62;93;13;2.221;2.214;1;4.435;13;13;341;0;76,60 %;4.435;3.426;77,25 %;3.396;29;62;1.021;2.313;1,81 %;0,85 %;29,80 %;67,51 %;99,97 %;-1
7;BOYACA;148;MARIPI;MARIPI;5.795;102,36 %;2.570;TRUE;TRUE;160;36;19;2.467;3.465;6;989;19;19;312;0;102,36 %;5.932;3.511;59,19 %;3.492;11;22;450;3.020;0,63 %;0,31 %;12,82 %;86,02 %;99,77 %;-8
64;PUTUMAYO;13;SAN FRANCISCO;SAN FRANCISCO;5.797;83,54 %;-1.384;FALSE;FALSE;480;12;15;2.456;2.387;2;2.422;15;15;323;0;83,54 %;4.843;3.448;71,20 %;3.422;20;46;2.380;996;1,33 %;0,58 %;69,03 %;28,89 %;99,83 %;-6
7;BOYACA;161;MOTAVITA;MOTAVITA;5.817;100,31 %;341;TRUE;FALSE;61;95;18;2.796;3.039;2;2.918;18;18;324;0;100,31 %;5.835;4.260;73,01 %;4.226;31;43;1.921;2.262;1,01 %;0,73 %;45,09 %;53,10 %;99,93 %;-3
1;ANTIOQUIA;150;HISPANIA;HISPANIA;5.855;89,87 %;1.591;TRUE;TRUE;58;101;16;2.498;2.764;2;2.631;16;16;329;0;89,87 %;5.262;2.958;56,21 %;2.938;13;45;651;2.242;1,52 %;0,44 %;22,01 %;75,79 %;99,76 %;-7
15;CUNDINAMARCA;211;QUETAME;QUETAME;5.862;100,58 %;1.340;TRUE;FALSE;138;42;18;2.831;3.065;2;2.948;18;18;328;0;100,58 %;5.896;4.402;74,66 %;4.361;37;47;1.487;2.827;1,07 %;0,84 %;33,78 %;64,22 %;99,91 %;-4
15;CUNDINAMARCA;196;PANDI;PANDI;5.883;75,11 %;629;TRUE;FALSE;67;88;13;2.056;2.363;1;4.419;13;13;340;0;75,11 %;4.419;2.882;65,22 %;2.859;15;22;1.104;1.733;0,76 %;0,52 %;38,31 %;60,13 %;99,72 %;-8
17;CHOCO;14;CERTEGUI;CERTEGUI;5.897;86,82 %;-1.753;FALSE;FALSE;342;17;18;2.782;2.338;5;1.024;18;18;284;0;86,82 %;5.120;3.004;58,67 %;2.973;24;20;2.353;600;0,67 %;0,80 %;78,33 %;19,97 %;99,77 %;-7
7;BOYACA;298;TASCO;TASCO;5.906;83,54 %;1.204;TRUE;FALSE;167;35;14;2.412;2.522;1;4.934;14;14;352;0;83,54 %;4.934;3.311;67,11 %;3.285;25;35;1.023;2.227;1,06 %;0,76 %;30,90 %;67,26 %;99,97 %;-1
27;SANTANDER;46;CONCEPCION;CONCEPCION;5.907;89,03 %;2.105;TRUE;TRUE;686;9;19;2.531;2.728;7;751;19;19;277;0;89,03 %;5.259;3.456;65,72 %;3.428;22;51;636;2.741;1,48 %;0,64 %;18,40 %;79,31 %;99,83 %;-6
25;NORTE DE SAN;67;PAMPLONITA;PAMPLONITA;5.930;76,51 %;2.614;TRUE;TRUE;176;34;13;2.145;2.392;2;2.269;13;13;349;0;76,51 %;4.537;3.501;77,17 %;3.466;29;60;396;3.010;1,71 %;0,83 %;11,31 %;85,98 %;99,83 %;-6
27;SANTANDER;142;OCAMONTE;OCAMONTE;5.961;68,28 %;2.202;TRUE;TRUE;84;71;12;1.913;2.157;1;4.070;12;12;339;0;68,28 %;4.070;2.914;71,60 %;2.905;5;27;338;2.540;0,93 %;0,17 %;11,60 %;87,17 %;99,86 %;-4
26;QUINDIO;25;CORDOBA;CORDOBA;5.967;93,78 %;324;TRUE;FALSE;98;61;16;2.652;2.944;1;5.596;16;16;350;0;93,78 %;5.596;3.200;57,18 %;3.153;43;51;1.389;1.713;1,59 %;1,34 %;43,41 %;53,53 %;99,88 %;-4
7;BOYACA;76;CHITARAQUE;CHITARAQUE;5.981;96,91 %;2.409;TRUE;TRUE;157;38;18;2.638;3.158;3;1.932;18;18;322;0;96,91 %;5.796;3.531;60,92 %;3.513;12;12;546;2.955;0,34 %;0,34 %;15,46 %;83,69 %;99,83 %;-6
1;ANTIOQUIA;130;GIRALDO;GIRALDO;6.022;86,72 %;566;TRUE;FALSE;96;63;17;2.533;2.689;3;1.741;17;17;307;0;86,72 %;5.222;3.329;63,75 %;3.308;19;70;1.336;1.902;2,10 %;0,57 %;40,13 %;57,13 %;99,94 %;-2
9;CALDAS;52;LA MERCED;LA MERCED;6.043;93,45 %;1.231;TRUE;FALSE;364;17;19;2.682;2.965;7;807;19;19;297;0;93,45 %;5.647;3.156;55,89 %;3.092;45;69;896;2.127;2,19 %;1,43 %;28,39 %;67,40 %;99,40 %;-19
27;SANTANDER;94;GUACA;GUACA;6.063;92,92 %;2.665;TRUE;TRUE;382;16;22;2.579;3.055;13;433;22;22;256;0;92,92 %;5.634;3.694;65,57 %;3.667;22;38;482;3.147;1,03 %;0,60 %;13,05 %;85,19 %;99,86 %;-5
7;BOYACA;10;ARCABUCO;ARCABUCO;6.097;84,71 %;1.129;TRUE;FALSE;155;39;15;2.513;2.652;1;5.165;15;15;344;0;84,71 %;5.165;3.748;72,57 %;3.707;35;60;1.259;2.388;1,60 %;0,93 %;33,59 %;63,71 %;99,84 %;-6
15;CUNDINAMARCA;262;SUPATA;SUPATA;6.113;77,02 %;1.902;TRUE;TRUE;128;48;14;2.247;2.461;1;4.708;14;14;336;0;77,02 %;4.708;3.284;69,75 %;3.257;17;43;656;2.558;1,31 %;0,52 %;19,98 %;77,89 %;99,70 %;-10
1;ANTIOQUIA;22;ANGELOPOLIS;ANGELOPOLIS;6.117;97,86 %;1.530;TRUE;TRUE;87;70;19;2.859;3.127;3;1.995;19;19;315;0;97,86 %;5.986;3.318;55,43 %;3.264;48;64;835;2.365;1,93 %;1,45 %;25,17 %;71,28 %;99,82 %;-6
1;ANTIOQUIA;227;SAN FRANCISCO;SAN FRANCISCO;6.169;106,99 %;1.970;TRUE;TRUE;480;13;19;3.124;3.476;2;3.300;19;19;347;0;106,99 %;6.600;3.202;48,52 %;3.177;14;25;591;2.561;0,78 %;0,44 %;18,46 %;79,98 %;99,66 %;-11
7;BOYACA;282;SORACA;SORACA;6.188;103,68 %;1.250;TRUE;FALSE;57;109;19;3.101;3.315;1;6.416;19;19;338;0;103,68 %;6.416;4.644;72,38 %;4.586;49;50;1.643;2.893;1,08 %;1,06 %;35,38 %;62,30 %;99,81 %;-9
27;SANTANDER;22;BETULIA;BETULIA;6.219;72,01 %;1.630;TRUE;TRUE;324;19;16;2.037;2.441;5;896;16;16;280;0;72,01 %;4.478;3.001;67,02 %;2.971;25;49;646;2.276;1,63 %;0,83 %;21,53 %;75,84 %;99,83 %;-5
7;BOYACA;325;TURMEQUE;TURMEQUE;6.277;91,06 %;1.457;TRUE;FALSE;106;59;17;2.786;2.930;1;5.716;17;17;336;0;91,06 %;5.716;3.987;69,75 %;3.941;40;86;1.199;2.656;2,16 %;1,00 %;30,07 %;66,62 %;99,85 %;-6
9;CALDAS;78;NORCASIA;NORCASIA;6.295;106,69 %;890;TRUE;FALSE;223;28;21;3.152;3.564;4;1.679;21;21;320;0;106,69 %;6.716;3.487;51,92 %;3.415;67;81;1.222;2.112;2,32 %;1,92 %;35,04 %;60,57 %;99,86 %;-5
23;NARIÑO;17;BELEN;BELEN;6.314;84,62 %;-1.231;FALSE;FALSE;48;132;16;2.669;2.674;3;1.781;16;16;334;0;84,62 %;5.343;3.709;69,42 %;3.646;57;79;2.399;1.168;2,13 %;1,54 %;64,68 %;31,49 %;99,84 %;-6
52;META;8;CABUYARO;CABUYARO;6.338;101,80 %;1.717;TRUE;FALSE;884;7;20;2.859;3.593;4;1.613;20;20;323;0;101,80 %;6.452;4.572;70,86 %;4.506;58;67;1.361;3.078;1,47 %;1,27 %;29,77 %;67,32 %;99,83 %;-8
27;SANTANDER;119;LA BELLEZA;LA BELLEZA;6.339;90,77 %;2.661;TRUE;TRUE;219;29;18;2.659;3.095;4;1.439;18;18;320;0;90,77 %;5.754;3.736;64,93 %;3.726;8;41;512;3.173;1,10 %;0,21 %;13,70 %;84,93 %;99,95 %;-2
29;TOLIMA;28;CASABIANCA;CASABIANCA;6.344;90,45 %;1.764;TRUE;TRUE;264;24;18;2.565;3.173;3;1.913;18;18;319;0;90,45 %;5.738;3.399;59,24 %;3.349;34;65;760;2.524;1,91 %;1,00 %;22,36 %;74,26 %;99,53 %;-16
7;BOYACA;289;SUTAMARCHAN;SUTAMARCHAN;6.352;98,55 %;2.060;TRUE;TRUE;102;62;18;3.102;3.158;1;6.260;18;18;348;0;98,55 %;6.260;4.684;74,82 %;4.647;31;75;1.256;3.316;1,60 %;0,66 %;26,81 %;70,79 %;99,87 %;-6
17;CHOCO;2;ATRATO (YUTO);ATRATO (YUTO);6.356;134,30 %;-3.253;FALSE;FALSE;725;9;28;4.574;3.962;10;854;28;28;305;0;134,30 %;8.536;4.702;55,08 %;4.648;51;29;3.936;683;0,62 %;1,08 %;83,71 %;14,53 %;99,94 %;-3
1;ANTIOQUIA;46;BELMIRA;BELMIRA;6.405;84,61 %;1.993;TRUE;TRUE;279;23;19;2.645;2.774;5;1.084;19;19;285;0;84,61 %;5.419;3.144;58,02 %;3.092;39;67;516;2.509;2,13 %;1,24 %;16,41 %;79,80 %;99,59 %;-13
17;CHOCO;17;EL CANTON DEL SAN PABLO (MAN.;EL CANTON DEL SAN PABLO (MAN.;6.435;94,31 %;-1.813;FALSE;FALSE;386;17;19;3.126;2.943;6;1.012;19;19;319;0;94,31 %;6.069;3.106;51,18 %;3.078;26;21;2.435;622;0,68 %;0,84 %;78,40 %;20,03 %;99,94 %;-2
56;SAN ANDRES;4;PROVIDENCIA;PROVIDENCIA;6.454;75,10 %;-380;FALSE;FALSE;44;147;14;2.493;2.354;1;4.847;14;14;346;0;75,10 %;4.847;1.849;38,15 %;1.843;5;47;1.088;708;2,54 %;0,27 %;58,84 %;38,29 %;99,95 %;-1
24;RISARALDA;13;BALBOA;BALBOA;6.473;90,99 %;750;TRUE;FALSE;119;54;19;2.704;3.186;6;982;19;19;310;0;90,99 %;5.890;3.362;57,08 %;3.292;59;58;1.242;1.992;1,73 %;1,75 %;36,94 %;59,25 %;99,67 %;-11
23;NARIÑO;77;LA LLANADA;LA LLANADA;6.483;63,30 %;-639;FALSE;FALSE;265;24;13;2.031;2.073;3;1.368;13;13;316;0;63,30 %;4.104;3.095;75,41 %;3.031;59;72;1.799;1.160;2,33 %;1,91 %;58,13 %;37,48 %;99,84 %;-5
25;NORTE DE SAN;70;RAGONVALIA;RAGONVALIA;6.489;154,75 %;2.754;TRUE;TRUE;95;68;30;4.955;5.087;4;2.511;30;30;335;0;154,75 %;10.042;3.233;32,19 %;3.214;16;26;217;2.971;0,80 %;0,49 %;6,71 %;91,90 %;99,91 %;-3
27;SANTANDER;217;VALLE DE SAN JOSE;VALLE DE SAN JOSE;6.501;82,28 %;2.402;TRUE;TRUE;99;66;17;2.609;2.740;4;1.337;17;17;315;0;82,28 %;5.349;4.199;78,50 %;4.179;16;49;864;3.266;1,17 %;0,38 %;20,58 %;77,78 %;99,90 %;-4
1;ANTIOQUIA;271;TARSO;TARSO;6.526;92,98 %;1.202;TRUE;FALSE;119;55;18;2.972;3.096;1;6.068;18;18;337;0;92,98 %;6.068;3.301;54,40 %;3.273;19;51;1.010;2.212;1,54 %;0,58 %;30,60 %;67,01 %;99,73 %;-9
44;CAQUETA;24;SOLITA;SOLITA;6.551;94,26 %;140;TRUE;FALSE;611;11;18;2.964;3.211;2;3.088;18;18;343;0;94,26 %;6.175;3.246;52,57 %;3.163;65;93;1.465;1.605;2,87 %;2,00 %;45,13 %;49,45 %;99,45 %;-18
29;TOLIMA;10;AMBALEMA;AMBALEMA;6.610;99,79 %;-4;FALSE;FALSE;239;28;22;3.162;3.434;6;1.099;22;22;300;0;99,79 %;6.596;3.903;59,17 %;3.880;18;22;1.931;1.927;0,56 %;0,46 %;49,47 %;49,37 %;99,87 %;-5
31;VALLE;46;EL CAIRO;EL CAIRO;6.635;97,48 %;1.182;TRUE;FALSE;283;23;24;2.811;3.657;11;588;24;24;270;0;97,48 %;6.468;3.204;49,54 %;3.149;41;59;954;2.136;1,84 %;1,28 %;29,78 %;66,67 %;99,56 %;-14
15;CUNDINAMARCA;85;FOSCA;FOSCA;6.659;83,33 %;2.741;TRUE;TRUE;126;53;17;2.578;2.971;3;1.850;17;17;326;0;83,33 %;5.549;3.983;71,78 %;3.974;8;43;595;3.336;1,08 %;0,20 %;14,94 %;83,76 %;99,97 %;-1
15;CUNDINAMARCA;136;JUNIN;JUNIN;6.699;80,70 %;1.716;TRUE;TRUE;337;20;17;2.701;2.705;4;1.352;17;17;318;0;80,70 %;5.406;3.697;68,39 %;3.654;34;48;945;2.661;1,30 %;0,92 %;25,56 %;71,98 %;99,76 %;-9
25;NORTE DE SAN;88;SILOS;SILOS;6.701;71,23 %;3.026;TRUE;TRUE;381;18;16;2.261;2.512;5;955;16;16;298;0;71,23 %;4.773;3.377;70,75 %;3.365;7;31;154;3.180;0,92 %;0,21 %;4,56 %;94,17 %;99,85 %;-5
46;CASANARE;840;TAMARA;TAMARA;6.708;68,75 %;1.919;TRUE;TRUE;1.181;6;18;2.123;2.489;8;577;18;18;256;0;68,75 %;4.612;3.113;67,50 %;3.089;14;40;565;2.484;1,28 %;0,45 %;18,15 %;79,79 %;99,68 %;-10
15;CUNDINAMARCA;148;LA PEÑA;LA PEÑA;6.722;90,06 %;2.870;TRUE;TRUE;136;49;19;2.623;3.431;3;2.018;19;19;319;0;90,06 %;6.054;4.187;69,16 %;4.159;16;37;626;3.496;0,88 %;0,38 %;14,95 %;83,50 %;99,71 %;-12
25;NORTE DE SAN;49;LABATECA;LABATECA;6.729;83,10 %;2.737;TRUE;TRUE;253;27;17;2.634;2.958;3;1.864;17;17;329;0;83,10 %;5.592;3.519;62,93 %;3.503;12;24;371;3.108;0,68 %;0,34 %;10,54 %;88,32 %;99,89 %;-4
19;HUILA;50;NATAGA;NATAGA;6.730;80,36 %;716;TRUE;FALSE;133;51;16;2.568;2.840;2;2.704;16;16;338;0;80,36 %;5.408;3.357;62,07 %;3.311;36;51;1.272;1.988;1,52 %;1,07 %;37,89 %;59,22 %;99,70 %;-10
52;META;6;BARRANCA DE UPIA;BARRANCA DE UPIA;6.733;87,41 %;662;TRUE;FALSE;315;21;19;2.783;3.102;4;1.471;19;19;310;0;87,41 %;5.885;3.934;66,85 %;3.842;86;54;1.563;2.225;1,37 %;2,19 %;39,73 %;56,56 %;99,85 %;-6
25;NORTE DE SAN;13;BUCARASICA;BUCARASICA;6.770;67,25 %;2.554;TRUE;TRUE;267;25;15;1.995;2.558;5;911;15;15;304;0;67,25 %;4.553;2.992;65,71 %;2.968;20;24;195;2.749;0,80 %;0,67 %;6,52 %;91,88 %;99,87 %;-4
1;ANTIOQUIA;289;VALPARAISO;VALPARAISO;6.778;83,76 %;1.175;TRUE;FALSE;1.218;6;17;2.747;2.930;2;2.839;17;17;334;0;83,76 %;5.677;3.470;61,12 %;3.429;32;58;1.098;2.273;1,67 %;0,92 %;31,64 %;65,50 %;99,74 %;-9
29;TOLIMA;88;PIEDRAS;PIEDRAS;6.812;83,41 %;11;TRUE;FALSE;361;19;18;2.759;2.923;4;1.421;18;18;316;0;83,41 %;5.682;3.608;63,50 %;3.572;29;47;1.757;1.768;1,30 %;0,80 %;48,70 %;49,00 %;99,81 %;-7
23;NARIÑO;123;SAN PEDRO DE CARTAGO;SAN PEDRO DE CARTAGO;6.834;86,87 %;324;TRUE;FALSE;60;114;19;2.909;3.028;4;1.484;19;19;312;0;86,87 %;5.937;4.101;69,08 %;4.026;62;80;1.811;2.135;1,95 %;1,51 %;44,16 %;52,06 %;99,68 %;-13
7;BOYACA;249;SAN PABLO DE BORBUR;SAN PABLO DE BORBUR;6.848;88,55 %;2.645;TRUE;TRUE;193;35;20;2.569;3.495;6;1.011;20;20;303;0;88,55 %;6.064;3.928;64,78 %;3.907;21;38;612;3.257;0,97 %;0,53 %;15,58 %;82,92 %;100,00 %;0
7;BOYACA;202;PESCA;PESCA;6.863;93,49 %;2.263;TRUE;TRUE;282;24;20;3.120;3.296;3;2.139;20;20;321;0;93,49 %;6.416;4.244;66,15 %;4.213;21;46;952;3.215;1,08 %;0,49 %;22,43 %;75,75 %;99,76 %;-10
19;HUILA;52;PAICOL;PAICOL;6.884;79,60 %;2.417;TRUE;TRUE;298;23;17;2.658;2.822;2;2.740;17;17;322;0;79,60 %;5.480;3.866;70,55 %;3.845;18;44;692;3.109;1,14 %;0,47 %;17,90 %;80,42 %;99,92 %;-3
7;BOYACA;265;SIACHOQUE;SIACHOQUE;6.908;91,17 %;1.958;TRUE;TRUE;125;55;18;3.009;3.289;2;3.149;18;18;350;0;91,17 %;6.298;4.409;70,01 %;4.353;44;53;1.171;3.129;1,20 %;1,00 %;26,56 %;70,97 %;99,73 %;-12
15;CUNDINAMARCA;157;MACHETA;MACHETA;6.924;95,47 %;2.970;TRUE;TRUE;225;31;19;3.080;3.530;1;6.610;19;19;348;0;95,47 %;6.610;4.802;72,65 %;4.772;22;64;869;3.839;1,33 %;0,46 %;18,10 %;79,95 %;99,83 %;-8
7;BOYACA;88;FIRAVITOBA;FIRAVITOBA;6.931;87,06 %;211;TRUE;FALSE;109;64;19;2.806;3.228;3;2.011;19;19;318;0;87,06 %;6.034;4.042;66,99 %;3.994;46;63;1.860;2.071;1,56 %;1,14 %;46,02 %;51,24 %;99,95 %;-2
1;ANTIOQUIA;181;MONTEBELLO;MONTEBELLO;6.955;93,93 %;1.928;TRUE;TRUE;86;81;20;2.991;3.542;3;2.178;20;20;327;0;93,93 %;6.533;3.785;57,94 %;3.713;44;77;854;2.782;2,03 %;1,16 %;22,56 %;73,50 %;99,26 %;-28
1;ANTIOQUIA;140;GUADALUPE;GUADALUPE;6.980;84,04 %;-121;FALSE;FALSE;382;18;19;2.825;3.041;4;1.467;19;19;309;0;84,04 %;5.866;3.749;63,91 %;3.633;77;146;1.804;1.683;3,89 %;2,05 %;48,12 %;44,89 %;98,96 %;-39
17;CHOCO;22;JURADO;JURADO;7.004;55,65 %;-1.326;FALSE;FALSE;992;7;13;1.777;2.121;3;1.299;13;13;300;0;55,65 %;3.898;1.722;44,18 %;1.713;5;11;1.514;188;0,64 %;0,29 %;87,92 %;10,92 %;99,77 %;-4
23;NARIÑO;97;OSPINA;OSPINA;7.007;86,24 %;-1.075;FALSE;FALSE;66;106;19;3.047;2.996;6;1.007;19;19;318;0;86,24 %;6.043;4.148;68,64 %;4.103;36;64;2.557;1.482;1,54 %;0,87 %;61,64 %;35,73 %;99,78 %;-9
23;NARIÑO;58;GUALMATAN;GUALMATAN;7.054;77,33 %;-1.576;FALSE;FALSE;35;202;16;2.835;2.620;2;2.728;16;16;341;0;77,33 %;5.455;4.015;73,60 %;3.984;29;66;2.747;1.171;1,64 %;0,72 %;68,42 %;29,17 %;99,95 %;-2
31;VALLE;112;VERSALLES;VERSALLES;7.088;104,67 %;1.957;TRUE;TRUE;352;20;32;3.562;3.857;16;464;32;32;232;0;104,67 %;7.419;4.158;56,05 %;4.102;51;71;1.037;2.994;1,71 %;1,23 %;24,94 %;72,01 %;99,88 %;-5
15;CUNDINAMARCA;268;SUTATAUSA;SUTATAUSA;7.104;61,59 %;1.299;TRUE;FALSE;67;106;13;2.159;2.216;2;2.188;13;13;337;0;61,59 %;4.375;3.292;75,25 %;3.249;39;70;940;2.239;2,13 %;1,18 %;28,55 %;68,01 %;99,88 %;-4
27;SANTANDER;43;CERRITO;CERRITO;7.114;78,79 %;2.419;TRUE;TRUE;549;13;19;2.581;3.024;4;1.401;19;19;295;0;78,79 %;5.605;3.757;67,03 %;3.712;37;49;622;3.041;1,30 %;0,98 %;16,56 %;80,94 %;99,79 %;-8
17;CHOCO;60;UNION PANAMERICANA (LAS ANIMAS;UNION PANAMERICANA (LAS ANIMAS;7.148;85,38 %;-1.725;FALSE;FALSE;1.600;4;22;3.129;2.974;7;872;22;22;277;0;85,38 %;6.103;3.118;51,09 %;3.055;58;24;2.378;653;0,77 %;1,86 %;76,27 %;20,94 %;99,84 %;-5
23;NARIÑO;49;FUNES;FUNES;7.150;83,73 %;-1.218;FALSE;FALSE;407;18;20;2.983;3.004;8;748;20;20;299;0;83,73 %;5.987;4.271;71,34 %;4.250;16;20;2.724;1.506;0,47 %;0,37 %;63,78 %;35,26 %;99,88 %;-5
15;CUNDINAMARCA;214;QUIPILE;QUIPILE;7.209;86,29 %;2.460;TRUE;TRUE;128;56;20;2.724;3.497;5;1.244;20;20;311;0;86,29 %;6.221;4.077;65,54 %;4.039;21;39;770;3.230;0,96 %;0,52 %;18,89 %;79,22 %;99,58 %;-17
1;ANTIOQUIA;282;URAMITA;URAMITA;7.225;93,66 %;1.596;TRUE;TRUE;236;31;21;3.147;3.620;3;2.256;21;21;322;0;93,66 %;6.767;3.514;51,93 %;3.473;35;51;913;2.509;1,45 %;1,00 %;25,98 %;71,40 %;99,83 %;-6
19;HUILA;28;COLOMBIA;COLOMBIA;7.233;94,87 %;2.483;TRUE;TRUE;1.698;4;22;3.041;3.821;8;858;22;22;312;0;94,87 %;6.862;4.291;62,53 %;4.268;17;43;871;3.354;1,00 %;0,40 %;20,30 %;78,16 %;99,86 %;-6
52;META;15;CUBARRAL;CUBARRAL;7.235;80,97 %;2.148;TRUE;TRUE;1.308;6;17;2.905;2.953;1;5.858;17;17;345;0;80,97 %;5.858;4.121;70,35 %;4.095;22;51;948;3.096;1,24 %;0,53 %;23,00 %;75,13 %;99,90 %;-4
15;CUNDINAMARCA;184;NOCAIMA;NOCAIMA;7.237;75,07 %;1.186;TRUE;FALSE;69;105;16;2.597;2.836;1;5.433;16;16;340;0;75,07 %;5.433;3.870;71,23 %;3.843;24;45;1.306;2.492;1,16 %;0,62 %;33,75 %;64,39 %;99,92 %;-3
23;NARIÑO;130;SAPUYES;SAPUYES;7.247;81,99 %;-1.717;FALSE;FALSE;133;54;19;3.101;2.841;7;849;19;19;313;0;81,99 %;5.942;4.375;73,63 %;4.336;36;37;3.008;1.291;0,85 %;0,82 %;68,75 %;29,51 %;99,93 %;-3
27;SANTANDER;205;SUCRE;SUCRE;7.248;76,66 %;2.246;TRUE;TRUE;1.110;7;22;2.621;2.935;12;463;22;22;253;0;76,66 %;5.556;3.417;61,50 %;3.399;15;33;560;2.806;0,97 %;0,44 %;16,39 %;82,12 %;99,91 %;-3
23;NARIÑO;28;CONTADERO;CONTADERO;7.251;88,97 %;-1.514;FALSE;FALSE;45;161;21;3.263;3.188;6;1.075;21;21;307;0;88,97 %;6.451;4.552;70,56 %;4.531;18;35;3.005;1.491;0,77 %;0,40 %;66,01 %;32,75 %;99,93 %;-3
29;TOLIMA;61;HERVEO;HERVEO;7.266;78,72 %;1.775;TRUE;TRUE;342;21;20;2.630;3.090;7;817;20;20;286;0;78,72 %;5.720;3.413;59,67 %;3.377;32;34;784;2.559;1,00 %;0,94 %;22,97 %;74,98 %;99,88 %;-4
44;CAQUETA;40;VALPARAISO;VALPARAISO;7.277;77,92 %;1.098;TRUE;FALSE;1.218;6;18;2.591;3.079;4;1.418;18;18;315;0;77,92 %;5.670;2.977;52,50 %;2.911;60;63;875;1.973;2,12 %;2,02 %;29,39 %;66,27 %;99,80 %;-6
52;META;46;MAPIRIPAN;MAPIRIPAN;7.325;84,30 %;-95;FALSE;FALSE;11.400;1;22;2.361;3.814;8;772;22;22;281;0;84,30 %;6.175;3.079;49,86 %;3.016;50;41;1.535;1.440;1,33 %;1,62 %;49,85 %;46,77 %;99,58 %;-13
7;BOYACA;271;SOCOTA;SOCOTA;7.353;79,15 %;2.109;TRUE;TRUE;600;12;20;2.587;3.233;7;831;20;20;291;0;79,15 %;5.820;3.641;62,56 %;3.597;36;32;728;2.837;0,88 %;0,99 %;19,99 %;77,92 %;99,78 %;-8
7;BOYACA;190;PAUNA;PAUNA;7.354;93,46 %;2.279;TRUE;TRUE;259;28;22;3.125;3.748;3;2.291;22;22;312;0;93,46 %;6.873;4.441;64,62 %;4.397;29;28;1.045;3.324;0,63 %;0,65 %;23,53 %;74,85 %;99,66 %;-15
23;NARIÑO;7;ALDANA;ALDANA;7.376;85,67 %;-2.191;FALSE;FALSE;65;113;20;3.350;2.969;3;2.106;20;20;316;0;85,67 %;6.319;4.874;77,13 %;4.825;43;26;3.495;1.304;0,53 %;0,88 %;71,71 %;26,75 %;99,88 %;-6
3;ATLANTICO;31;PIOJO;PIOJO;7.384;79,98 %;-174;FALSE;FALSE;258;29;19;2.784;3.122;4;1.477;19;19;311;0;79,98 %;5.906;3.624;61,36 %;3.614;6;22;1.883;1.709;0,61 %;0,17 %;51,96 %;47,16 %;99,89 %;-4
19;HUILA;91;VILLAVIEJA;VILLAVIEJA;7.413;92,14 %;360;TRUE;FALSE;670;11;22;3.291;3.539;5;1.366;22;22;310;0;92,14 %;6.830;4.514;66,09 %;4.472;33;44;2.034;2.394;0,97 %;0,73 %;45,06 %;53,04 %;99,80 %;-9
15;CUNDINAMARCA;128;GUAYABETAL;GUAYABETAL;7.438;62,49 %;1.635;TRUE;TRUE;142;52;14;2.207;2.441;2;2.324;14;14;332;0;62,49 %;4.648;3.400;73,15 %;3.374;20;23;858;2.493;0,68 %;0,59 %;25,24 %;73,32 %;99,82 %;-6
29;TOLIMA;49;FALAN;FALAN;7.441;84,81 %;834;TRUE;FALSE;238;31;20;2.926;3.385;6;1.052;20;20;316;0;84,81 %;6.311;3.956;62,68 %;3.895;45;47;1.507;2.341;1,19 %;1,14 %;38,09 %;59,18 %;99,60 %;-16
23;NARIÑO;44;EL PEÑOL;EL PEÑOL;7.459;80,59 %;-2.315;FALSE;FALSE;121;62;20;2.989;3.022;7;859;20;20;301;0;80,59 %;6.011;4.697;78,14 %;4.635;53;58;3.446;1.131;1,23 %;1,13 %;73,37 %;24,08 %;99,81 %;-9
23;NARIÑO;64;IMUES;IMUES;7.461;91,56 %;-2.110;FALSE;FALSE;86;87;25;3.448;3.383;10;683;25;25;273;0;91,56 %;6.831;4.922;72,05 %;4.888;26;52;3.473;1.363;1,06 %;0,53 %;70,56 %;27,69 %;99,84 %;-8
23;NARIÑO;78;LA TOLA;LA TOLA;7.477;78,77 %;-2.597;FALSE;FALSE;459;16;19;2.827;3.063;6;982;19;19;310;0;78,77 %;5.890;3.040;51,61 %;3.026;8;27;2.798;201;0,89 %;0,26 %;92,04 %;6,61 %;99,80 %;-6
7;BOYACA;121;JENESANO;JENESANO;7.483;86,45 %;1.770;TRUE;FALSE;59;127;19;3.155;3.314;1;6.469;19;19;340;0;86,45 %;6.469;4.495;69,49 %;4.458;30;42;1.323;3.093;0,93 %;0,67 %;29,43 %;68,81 %;99,84 %;-7
5;BOLIVAR;63;REGIDOR;REGIDOR;7.486;75,66 %;-277;FALSE;FALSE;396;19;20;2.602;3.062;6;944;20;20;283;0;75,66 %;5.664;3.033;53,55 %;3.021;7;20;1.639;1.362;0,66 %;0,23 %;54,04 %;44,91 %;99,84 %;-5
25;NORTE DE SAN;46;HERRAN;HERRAN;7.499;68,13 %;1.880;TRUE;TRUE;112;67;16;2.404;2.705;3;1.703;16;16;319;0;68,13 %;5.109;2.082;40,75 %;2.075;2;23;86;1.966;1,10 %;0,10 %;4,13 %;94,43 %;99,76 %;-5
54;GUAVIARE;12;MIRAFLORES;MIRAFLORES;7.502;48,87 %;-681;FALSE;FALSE;12.914;1;15;1.120;2.546;7;524;15;15;244;0;48,87 %;3.666;1.377;37,56 %;1.358;14;19;1.010;329;1,38 %;1,02 %;73,35 %;23,89 %;99,64 %;-5
1;ANTIOQUIA;34;ANZA;ANZA;7.508;89,09 %;2.255;TRUE;TRUE;256;29;20;3.110;3.579;3;2.230;20;20;334;0;89,09 %;6.689;3.516;52,56 %;3.482;17;63;582;2.837;1,79 %;0,48 %;16,55 %;80,69 %;99,52 %;-17
15;CUNDINAMARCA;124;GUATAVITA;GUATAVITA;7.512;75,40 %;1.804;TRUE;FALSE;247;30;16;2.757;2.907;1;5.664;16;16;354;0;75,40 %;5.664;4.423;78,09 %;4.370;46;96;1.235;3.039;2,17 %;1,04 %;27,92 %;68,71 %;99,84 %;-7
19;HUILA;43;HOBO;HOBO;7.564;84,62 %;1.000;TRUE;FALSE;217;35;20;3.186;3.215;2;3.201;20;20;320;0;84,62 %;6.401;4.272;66,74 %;4.214;49;78;1.568;2.568;1,83 %;1,15 %;36,70 %;60,11 %;99,79 %;-9
52;META;27;EL CASTILLO;EL CASTILLO;7.583;83,59 %;-7;FALSE;FALSE;693;11;20;2.926;3.413;4;1.585;20;20;317;0;83,59 %;6.339;3.907;61,63 %;3.858;46;77;1.894;1.887;1,97 %;1,18 %;48,48 %;48,30 %;99,92 %;-3
15;CUNDINAMARCA;7;ALBAN;ALBAN;7.587;73,09 %;1.289;TRUE;FALSE;57;133;17;2.702;2.843;2;2.773;17;17;326;0;73,09 %;5.545;3.790;68,35 %;3.718;66;53;1.188;2.477;1,40 %;1,74 %;31,35 %;65,36 %;99,84 %;-6
64;PUTUMAYO;16;SANTIAGO;SANTIAGO;7.610;88,24 %;-2.556;FALSE;FALSE;445;17;19;3.469;3.246;2;3.358;19;19;353;0;88,24 %;6.715;4.376;65,17 %;4.348;18;40;3.432;876;0,91 %;0,41 %;78,43 %;20,02 %;99,77 %;-10
24;RISARALDA;38;LA CELIA;LA CELIA;7.634;88,47 %;1.457;TRUE;FALSE;87;88;20;3.068;3.686;2;3.377;20;20;338;0;88,47 %;6.754;3.886;57,54 %;3.826;49;67;1.151;2.608;1,72 %;1,26 %;29,62 %;67,11 %;99,72 %;-11
23;NARIÑO;61;ILES;ILES;7.648;99,15 %;-2.648;FALSE;FALSE;82;93;24;3.845;3.738;5;1.517;24;24;316;0;99,15 %;7.583;5.048;66,57 %;5.006;29;38;3.808;1.160;0,75 %;0,57 %;75,44 %;22,98 %;99,74 %;-13
7;BOYACA;13;BELEN;BELEN;7.680;91,25 %;1.687;TRUE;FALSE;48;160;21;3.627;3.381;2;3.504;21;21;334;0;91,25 %;7.008;5.020;71,63 %;4.962;53;87;1.594;3.281;1,73 %;1,06 %;31,75 %;65,36 %;99,90 %;-5
1;ANTIOQUIA;223;SAN ANDRES;SAN ANDRES;7.697;74,72 %;1.151;TRUE;FALSE;278;28;21;2.659;3.092;9;639;21;21;274;0;74,72 %;5.751;2.664;46,32 %;2.602;45;97;677;1.828;3,64 %;1,69 %;25,41 %;68,62 %;99,36 %;-17
7;BOYACA;334;UMBITA;UMBITA;7.701;74,61 %;2.496;TRUE;TRUE;158;49;17;2.645;3.101;1;5.746;17;17;338;0;74,61 %;5.746;4.154;72,29 %;4.135;14;43;798;3.294;1,04 %;0,34 %;19,21 %;79,30 %;99,88 %;-5
26;QUINDIO;40;GENOVA;GENOVA;7.743;94,45 %;1.401;TRUE;FALSE;297;26;22;3.292;4.021;2;3.657;22;22;332;0;94,45 %;7.313;4.292;58,69 %;4.205;73;58;1.373;2.774;1,35 %;1,70 %;31,99 %;64,63 %;99,67 %;-14
15;CUNDINAMARCA;265;SUSA;SUSA;7.794;72,31 %;2.044;TRUE;TRUE;86;91;16;2.738;2.898;1;5.636;16;16;352;0;72,31 %;5.636;4.206;74,63 %;4.176;23;74;1.029;3.073;1,76 %;0,55 %;24,47 %;73,06 %;99,83 %;-7
15;CUNDINAMARCA;301;UBAQUE;UBAQUE;7.794;81,06 %;2.115;TRUE;TRUE;105;74;19;2.957;3.361;2;3.159;19;19;333;0;81,06 %;6.318;4.715;74,63 %;4.657;52;58;1.242;3.357;1,23 %;1,10 %;26,34 %;71,20 %;99,87 %;-6
7;BOYACA;250;SANTANA;SANTANA;7.862;92,33 %;2.194;TRUE;TRUE;67;117;21;3.444;3.815;1;7.259;21;21;346;0;92,33 %;7.259;4.513;62,17 %;4.485;25;39;1.126;3.320;0,86 %;0,55 %;24,95 %;73,57 %;99,93 %;-3
25;NORTE DE SAN;40;GRAMALOTE;GRAMALOTE;7.876;73,29 %;3.194;TRUE;TRUE;147;54;18;2.748;3.024;4;1.443;18;18;321;0;73,29 %;5.772;3.953;68,49 %;3.938;6;28;358;3.552;0,71 %;0,15 %;9,06 %;89,86 %;99,77 %;-9
1;ANTIOQUIA;39;ARGELIA;ARGELIA;7.902;86,40 %;2.562;TRUE;TRUE;87;91;23;3.166;3.661;7;975;23;23;297;0;86,40 %;6.827;3.518;51,53 %;3.493;18;43;444;3.006;1,22 %;0,51 %;12,62 %;85,45 %;99,80 %;-7
15;CUNDINAMARCA;319;VERGARA;VERGARA;7.905;91,26 %;2.775;TRUE;TRUE;146;54;23;3.284;3.930;7;1.031;23;23;314;0;91,26 %;7.214;4.659;64,58 %;4.624;29;57;896;3.671;1,22 %;0,62 %;19,23 %;78,79 %;99,87 %;-6
27;SANTANDER;211;TONA;TONA;7.921;72,93 %;2.746;TRUE;TRUE;342;23;18;2.695;3.082;4;1.444;18;18;321;0;72,93 %;5.777;4.116;71,25 %;4.068;42;46;638;3.384;1,12 %;1,02 %;15,50 %;82,22 %;99,85 %;-6
7;BOYACA;73;CHITA;CHITA;7.947;78,99 %;2.355;TRUE;TRUE;748;11;23;2.937;3.340;7;897;23;23;273;0;78,99 %;6.277;3.642;58,02 %;3.614;20;35;612;2.967;0,96 %;0,55 %;16,80 %;81,47 %;99,78 %;-8
25;NORTE DE SAN;79;SAN CAYETANO;SAN CAYETANO;7.975;127,81 %;3.550;TRUE;TRUE;144;55;31;4.724;5.469;5;2.039;31;31;329;0;127,81 %;10.193;5.169;50,71 %;5.141;23;41;775;4.325;0,79 %;0,44 %;14,99 %;83,67 %;99,90 %;-5
19;HUILA;94;YAGUARA;YAGUARA;8.011;89,02 %;1.540;TRUE;FALSE;329;24;21;3.533;3.598;2;3.566;21;21;340;0;89,02 %;7.131;5.194;72,84 %;5.135;53;73;1.761;3.301;1,41 %;1,02 %;33,90 %;63,55 %;99,88 %;-6
44;CAQUETA;12;CURILLO;CURILLO;8.025;96,40 %;253;TRUE;FALSE;459;17;23;3.631;4.105;3;2.579;23;23;336;0;96,40 %;7.736;3.727;48,18 %;3.666;52;93;1.660;1.913;2,50 %;1,40 %;44,54 %;51,33 %;99,76 %;-9
1;ANTIOQUIA;293;YALI;YALI;8.044;81,02 %;1.538;TRUE;TRUE;447;18;20;2.990;3.527;2;3.259;20;20;326;0;81,02 %;6.517;3.090;47,41 %;3.054;22;62;727;2.265;2,01 %;0,71 %;23,53 %;73,30 %;99,55 %;-14
5;BOLIVAR;5;ARENAL;ARENAL;8.053;86,89 %;-851;FALSE;FALSE;534;15;24;3.222;3.775;7;1.000;24;24;292;0;86,89 %;6.997;3.808;54,42 %;3.774;26;41;2.292;1.441;1,08 %;0,68 %;60,19 %;37,84 %;99,79 %;-8
15;CUNDINAMARCA;307;UNE;UNE;8.130;83,71 %;2.254;TRUE;TRUE;211;39;21;3.232;3.574;3;2.269;21;21;324;0;83,71 %;6.806;5.077;74,60 %;5.029;46;87;1.344;3.598;1,71 %;0,91 %;26,47 %;70,87 %;99,96 %;-2
7;BOYACA;176;OTANCHE;OTANCHE;8.162;89,81 %;2.931;TRUE;TRUE;512;16;27;3.358;3.972;11;666;27;27;271;0;89,81 %;7.330;4.832;65,92 %;4.806;23;37;919;3.850;0,77 %;0,48 %;19,02 %;79,68 %;99,94 %;-3
7;BOYACA;220;RAQUIRA;RAQUIRA;8.186;67,75 %;1.733;TRUE;FALSE;231;35;17;2.658;2.888;4;1.387;17;17;326;0;67,75 %;5.546;4.153;74,88 %;4.103;47;68;1.151;2.884;1,64 %;1,13 %;27,71 %;69,44 %;99,93 %;-3
27;SANTANDER;221;VILLANUEVA;VILLANUEVA;8.190;89,74 %;3.339;TRUE;TRUE;99;83;21;3.776;3.574;1;7.350;21;21;350;0;89,74 %;7.350;5.470;74,42 %;5.428;36;83;1.003;4.342;1,52 %;0,66 %;18,34 %;79,38 %;99,89 %;-6
25;NORTE DE SAN;52;LA PLAYA;LA PLAYA;8.192;86,98 %;1.809;TRUE;TRUE;241;34;22;3.234;3.891;5;1.425;22;22;324;0;86,98 %;7.125;3.772;52,94 %;3.754;13;39;953;2.762;1,03 %;0,34 %;25,27 %;73,22 %;99,87 %;-5
27;SANTANDER;167;PUERTO PARRA;PUERTO PARRA;8.228;81,47 %;758;TRUE;FALSE;761;11;22;3.020;3.683;5;1.341;22;22;305;0;81,47 %;6.703;3.741;55,81 %;3.689;43;45;1.443;2.201;1,20 %;1,15 %;38,57 %;58,83 %;99,76 %;-9
7;BOYACA;274;SOCHA;SOCHA;8.245;82,89 %;1.384;TRUE;FALSE;264;31;22;3.341;3.493;4;1.709;22;22;311;0;82,89 %;6.834;4.449;65,10 %;4.384;61;62;1.469;2.853;1,39 %;1,37 %;33,02 %;64,13 %;99,91 %;-4
29;TOLIMA;43;DOLORES;DOLORES;8.246;86,65 %;2.252;TRUE;TRUE;672;12;24;3.239;3.906;9;794;24;24;298;0;86,65 %;7.145;4.637;64,90 %;4.582;38;60;1.135;3.387;1,29 %;0,82 %;24,48 %;73,04 %;99,63 %;-17
19;HUILA;85;TERUEL;TERUEL;8.288;82,05 %;2.483;TRUE;TRUE;499;17;20;3.217;3.583;2;3.400;20;20;340;0;82,05 %;6.800;4.343;63,87 %;4.313;23;42;894;3.377;0,97 %;0,53 %;20,58 %;77,76 %;99,84 %;-7
48;LA GUAJIRA;6;EL MOLINO;EL MOLINO;8.288;111,10 %;-255;FALSE;FALSE;190;44;27;4.424;4.784;1;9.208;27;27;341;0;111,10 %;9.208;5.240;56,91 %;5.207;31;40;2.711;2.456;0,76 %;0,59 %;51,74 %;46,87 %;99,96 %;-2
23;NARIÑO;22;COLON (GENOVA);COLON (GENOVA);8.333;85,80 %;-2.563;FALSE;FALSE;297;28;25;3.473;3.677;9;794;25;25;286;0;85,80 %;7.150;4.943;69,13 %;4.820;105;89;3.647;1.084;1,80 %;2,12 %;73,78 %;21,93 %;99,64 %;-18
5;BOLIVAR;27;EL PEÑON;EL PEÑON;8.364;81,86 %;231;TRUE;FALSE;130;64;24;3.192;3.655;7;978;24;24;285;0;81,86 %;6.847;3.415;49,88 %;3.402;8;11;1.580;1.811;0,32 %;0,23 %;46,27 %;53,03 %;99,85 %;-5
23;NARIÑO;103;PUERRES;PUERRES;8.382;92,76 %;-2.319;FALSE;FALSE;359;23;24;3.988;3.787;5;1.555;24;24;324;0;92,76 %;7.775;5.473;70,39 %;5.437;29;52;3.852;1.533;0,95 %;0,53 %;70,38 %;28,01 %;99,87 %;-7
29;TOLIMA;31;COELLO;COELLO;8.383;101,51 %;-180;FALSE;FALSE;350;24;29;3.995;4.515;8;1.064;29;29;293;0;101,51 %;8.510;5.655;66,45 %;5.603;40;37;2.873;2.693;0,65 %;0,71 %;50,80 %;47,62 %;99,79 %;-12
29;TOLIMA;37;CUNDAY;CUNDAY;8.434;84,54 %;2.385;TRUE;TRUE;518;16;24;3.241;3.889;7;1.019;24;24;297;0;84,54 %;7.130;4.292;60,20 %;4.262;23;39;919;3.304;0,91 %;0,54 %;21,41 %;76,98 %;99,84 %;-7
23;NARIÑO;13;ARBOLEDA (BERRUECOS);ARBOLEDA (BERRUECOS);8.437;71,96 %;-827;FALSE;FALSE;63;134;19;2.982;3.089;5;1.214;19;19;320;0;71,96 %;6.071;4.026;66,32 %;3.974;47;69;2.366;1.539;1,71 %;1,17 %;58,77 %;38,23 %;99,88 %;-5
19;HUILA;19;BARAYA;BARAYA;8.467;75,45 %;1.587;TRUE;FALSE;750;11;20;2.971;3.417;6;1.065;20;20;319;0;75,45 %;6.388;4.167;65,23 %;4.106;47;57;1.231;2.818;1,37 %;1,13 %;29,54 %;67,63 %;99,66 %;-14
7;BOYACA;283;SOTAQUIRA;SOTAQUIRA;8.469;74,03 %;1.639;TRUE;FALSE;288;29;19;3.062;3.208;2;3.135;19;19;330;0;74,03 %;6.270;4.757;75,87 %;4.683;57;56;1.494;3.133;1,18 %;1,20 %;31,41 %;65,86 %;99,64 %;-17
29;TOLIMA;91;PRADO;PRADO;8.477;92,95 %;1.970;TRUE;FALSE;448;19;26;3.707;4.172;5;1.576;26;26;303;0;92,95 %;7.879;4.815;61,11 %;4.770;32;38;1.381;3.351;0,79 %;0,66 %;28,68 %;69,60 %;99,73 %;-13
1;ANTIOQUIA;62;BRICEÑO;BRICEÑO;8.504;80,35 %;827;TRUE;FALSE;64;133;23;3.056;3.777;9;759;23;23;297;0;80,35 %;6.833;2.487;36,40 %;2.428;37;79;761;1.588;3,18 %;1,49 %;30,60 %;63,85 %;99,12 %;-22
46;CASANARE;830;SAN LUIS DE PALENQUE;SAN LUIS DE PALENQUE;8.526;77,96 %;3.242;TRUE;TRUE;3.052;3;24;3.077;3.570;9;739;24;24;277;0;77,96 %;6.647;4.753;71,51 %;4.719;29;59;709;3.951;1,24 %;0,61 %;14,92 %;83,13 %;99,89 %;-5
7;BOYACA;163;MUZO;MUZO;8.559;87,73 %;1.583;TRUE;FALSE;136;63;24;3.303;4.206;5;1.502;24;24;313;0;87,73 %;7.509;4.539;60,45 %;4.483;48;56;1.422;3.005;1,23 %;1,06 %;31,33 %;66,20 %;99,82 %;-8
15;CUNDINAMARCA;298;UBALA;UBALA;8.591;102,25 %;2.995;TRUE;TRUE;505;17;33;3.919;4.865;14;627;33;33;266;0;102,25 %;8.784;5.388;61,34 %;5.341;31;66;1.140;4.135;1,22 %;0,58 %;21,16 %;76,74 %;99,70 %;-16
23;NARIÑO;10;ANCUYA;ANCUYA;8.621;82,25 %;-3.233;FALSE;FALSE;73;118;25;3.428;3.663;10;709;25;25;284;0;82,25 %;7.091;4.829;68,10 %;4.814;14;41;4.003;770;0,85 %;0,29 %;82,90 %;15,95 %;99,98 %;-1
7;BOYACA;328;TUTA;TUTA;8.629;99,94 %;1.080;TRUE;FALSE;165;52;25;4.378;4.246;2;4.312;25;25;345;0;99,94 %;8.624;6.370;73,86 %;6.300;59;102;2.559;3.639;1,60 %;0,93 %;40,17 %;57,13 %;99,83 %;-11
1;ANTIOQUIA;175;MACEO;MACEO;8.638;101,17 %;2.458;TRUE;TRUE;431;20;27;4.117;4.622;4;2.185;27;27;324;0;101,17 %;8.739;4.963;56,79 %;4.917;40;75;1.192;3.650;1,51 %;0,81 %;24,02 %;73,54 %;99,88 %;-6
17;CHOCO;35;RIO QUITO (PAIMADO);RIO QUITO (PAIMADO);8.649;87,46 %;-2.541;FALSE;FALSE;700;12;25;4.009;3.555;11;688;25;25;303;0;87,46 %;7.564;4.567;60,38 %;4.480;72;25;3.498;957;0,55 %;1,58 %;76,59 %;20,95 %;99,67 %;-15
25;NORTE DE SAN;25;CUCUTILLA;CUCUTILLA;8.675;81,99 %;3.919;TRUE;TRUE;372;23;22;3.307;3.806;3;2.371;22;22;323;0;81,99 %;7.113;4.983;70,05 %;4.941;29;58;482;4.401;1,16 %;0,58 %;9,67 %;88,32 %;99,74 %;-13
1;ANTIOQUIA;199;PEQUE;PEQUE;8.677;77,86 %;1.095;TRUE;FALSE;392;22;22;3.118;3.638;7;965;22;22;307;0;77,86 %;6.756;3.524;52,16 %;3.490;24;57;1.169;2.264;1,62 %;0,68 %;33,17 %;64,25 %;99,72 %;-10
27;SANTANDER;10;ARATOCA;ARATOCA;8.708;82,46 %;3.024;TRUE;TRUE;170;51;21;3.395;3.786;1;7.181;21;21;342;0;82,46 %;7.181;5.169;71,98 %;5.128;33;60;1.022;4.046;1,16 %;0,64 %;19,77 %;78,27 %;99,85 %;-8
31;VALLE;43;EL AGUILA;EL AGUILA;8.732;87,53 %;2.179;TRUE;TRUE;199;44;31;3.338;4.305;18;425;31;31;247;0;87,53 %;7.643;4.161;54,44 %;4.091;61;78;917;3.096;1,87 %;1,47 %;22,04 %;74,41 %;99,78 %;-9
15;CUNDINAMARCA;132;GRANADA;GRANADA;8.747;77,67 %;153;TRUE;FALSE;350;25;20;3.334;3.460;1;6.794;20;20;340;0;77,67 %;6.794;4.834;71,15 %;4.778;53;61;2.282;2.435;1,26 %;1,10 %;47,21 %;50,37 %;99,94 %;-3
15;CUNDINAMARCA;40;CARMEN DE CARUPA;CARMEN DE CARUPA;8.757;72,84 %;2.465;TRUE;TRUE;228;38;19;3.005;3.374;3;2.126;19;19;336;0;72,84 %;6.379;4.598;72,08 %;4.542;49;85;996;3.461;1,85 %;1,07 %;21,66 %;75,27 %;99,85 %;-7
52;META;47;PUERTO CONCORDIA;PUERTO CONCORDIA;8.771;85,04 %;384;TRUE;FALSE;1.298;7;22;3.245;4.214;4;1.865;22;22;339;0;85,04 %;7.459;4.331;58,06 %;4.253;67;61;1.904;2.288;1,41 %;1,55 %;43,96 %;52,83 %;99,75 %;-11
29;TOLIMA;7;ALVARADO;ALVARADO;8.779;104,28 %;711;TRUE;FALSE;311;28;30;4.329;4.826;8;1.144;30;30;305;0;104,28 %;9.155;5.576;60,91 %;5.520;43;57;2.376;3.087;1,02 %;0,77 %;42,61 %;55,36 %;99,77 %;-13
31;VALLE;52;EL DOVIO;EL DOVIO;8.787;120,12 %;1.255;TRUE;FALSE;383;23;38;5.123;5.432;14;754;38;38;278;0;120,12 %;10.555;5.858;55,50 %;5.765;79;96;2.207;3.462;1,64 %;1,35 %;37,67 %;59,10 %;99,76 %;-14
27;SANTANDER;175;SAN ANDRES;SAN ANDRES;8.820;75,12 %;2.394;TRUE;TRUE;278;32;26;3.007;3.619;16;414;26;26;255;0;75,12 %;6.626;4.276;64,53 %;4.224;40;50;890;3.284;1,17 %;0,94 %;20,81 %;76,80 %;99,72 %;-12
1;ANTIOQUIA;170;LA PINTADA;LA PINTADA;8.862;84,41 %;1.211;TRUE;FALSE;55;161;22;3.644;3.836;1;7.480;22;22;340;0;84,41 %;7.480;4.330;57,89 %;4.274;43;55;1.504;2.715;1,27 %;0,99 %;34,73 %;62,70 %;99,70 %;-13
5;BOLIVAR;72;SAN CRISTOBAL;SAN CRISTOBAL;8.876;92,06 %;-1.253;FALSE;FALSE;56;159;24;4.024;4.147;2;4.086;24;24;340;0;92,06 %;8.171;4.877;59,69 %;4.867;5;42;3.039;1.786;0,86 %;0,10 %;62,31 %;36,62 %;99,90 %;-5
46;CASANARE;560;NUNCHIA;NUNCHIA;8.900;73,79 %;3.242;TRUE;TRUE;1.171;8;27;3.059;3.508;14;469;27;27;243;0;73,79 %;6.567;4.689;71,40 %;4.663;20;37;692;3.934;0,79 %;0,43 %;14,76 %;83,90 %;99,87 %;-6
1;ANTIOQUIA;67;CAICEDO;CAICEDO;8.940;81,60 %;2.023;TRUE;TRUE;221;40;21;3.432;3.863;2;3.648;21;21;347;0;81,60 %;7.295;3.689;50,57 %;3.630;41;77;765;2.788;2,09 %;1,11 %;20,74 %;75,58 %;99,51 %;-18
23;NARIÑO;91;MALLAMA (PIEDRANCHA);MALLAMA (PIEDRANCHA);8.964;72,85 %;-3.368;FALSE;FALSE;531;17;22;3.257;3.273;9;726;22;22;297;0;72,85 %;6.530;4.622;70,78 %;4.575;41;49;3.947;579;1,06 %;0,89 %;85,40 %;12,53 %;99,87 %;-6
7;BOYACA;268;SOATA;SOATA;9.006;85,07 %;1.855;TRUE;FALSE;136;66;22;3.893;3.768;1;7.661;22;22;348;0;85,07 %;7.661;5.361;69,98 %;5.290;63;63;1.686;3.541;1,18 %;1,18 %;31,45 %;66,05 %;99,85 %;-8
5;BOLIVAR;14;CANTAGALLO;CANTAGALLO;9.007;96,28 %;-1.230;FALSE;FALSE;669;13;26;3.817;4.855;4;2.168;26;26;334;0;96,28 %;8.672;5.383;62,07 %;5.348;27;36;3.271;2.041;0,67 %;0,50 %;60,77 %;37,92 %;99,85 %;-8
5;BOLIVAR;9;ARROYO HONDO;ARROYO HONDO;9.022;121,39 %;2.201;TRUE;TRUE;162;56;33;5.228;5.724;6;1.825;33;33;332;0;121,39 %;10.952;4.915;44,88 %;4.890;18;41;1.324;3.525;0,83 %;0,37 %;26,94 %;71,72 %;99,86 %;-7
28;SUCRE;30;COLOSO (RICAURTE);COLOSO (RICAURTE);9.030;97,29 %;-1.037;FALSE;FALSE;141;64;27;4.141;4.644;6;1.464;27;27;325;0;97,29 %;8.785;5.522;62,86 %;5.478;31;41;3.237;2.200;0,74 %;0,56 %;58,62 %;39,84 %;99,76 %;-13
15;CUNDINAMARCA;166;MEDINA;MEDINA;9.056;76,00 %;2.868;TRUE;TRUE;1.915;5;25;3.191;3.692;11;626;25;25;275;0;76,00 %;6.883;4.688;68,11 %;4.643;39;57;859;3.727;1,22 %;0,83 %;18,32 %;79,50 %;99,87 %;-6
25;NORTE DE SAN;10;BOCHALEMA;BOCHALEMA;9.056;95,59 %;3.808;TRUE;TRUE;172;53;28;4.244;4.413;5;1.731;28;28;309;0;95,59 %;8.657;5.433;62,76 %;5.401;21;53;770;4.578;0,98 %;0,39 %;14,17 %;84,26 %;99,80 %;-11
7;BOYACA;313;TOCA;TOCA;9.068;88,39 %;1.553;TRUE;FALSE;165;55;23;3.939;4.076;1;8.015;23;23;348;0;88,39 %;8.015;5.776;72,06 %;5.693;76;112;2.014;3.567;1,94 %;1,32 %;34,87 %;61,76 %;99,88 %;-7
52;META;58;SAN JUAN DE ARAMA;SAN JUAN DE ARAMA;9.074;70,37 %;562;TRUE;FALSE;1.163;8;21;2.935;3.450;7;912;21;21;304;0;70,37 %;6.385;4.028;63,09 %;3.978;45;60;1.678;2.240;1,49 %;1,12 %;41,66 %;55,61 %;99,88 %;-5
15;CUNDINAMARCA;49;CUCUNUBA;CUCUNUBA;9.107;59,16 %;2.686;TRUE;TRUE;112;81;16;2.637;2.751;3;1.796;16;16;337;0;59,16 %;5.388;4.240;78,69 %;4.188;48;58;722;3.408;1,37 %;1,13 %;17,03 %;80,38 %;99,91 %;-4
1;ANTIOQUIA;145;GUATAPE;GUATAPE;9.121;92,23 %;3.669;TRUE;TRUE;69;132;24;4.242;4.170;1;8.412;24;24;351;0;92,23 %;8.412;6.138;72,97 %;6.082;45;119;1.147;4.816;1,94 %;0,73 %;18,69 %;78,46 %;99,82 %;-11
50;GUAINIA;70;BARRANCOMINAS;BARRANCOMINAS;9.147;59,95 %;-2.100;FALSE;FALSE;12.914;1;18;2.452;3.032;6;914;18;18;305;0;59,95 %;5.484;2.518;45,92 %;2.503;8;15;2.294;194;0,60 %;0,32 %;91,10 %;7,70 %;99,72 %;-7
1;ANTIOQUIA;202;PUEBLORRICO;PUEBLORRICO;9.148;81,23 %;2.590;TRUE;TRUE;86;106;21;3.577;3.854;1;7.431;21;21;354;0;81,23 %;7.431;4.192;56,41 %;4.158;17;48;760;3.350;1,15 %;0,41 %;18,13 %;79,91 %;99,59 %;-17
19;HUILA;7;AGRADO;AGRADO;9.151;89,00 %;2.522;TRUE;TRUE;222;41;24;4.066;4.078;2;4.072;24;24;339;0;89,00 %;8.144;5.465;67,10 %;5.427;35;67;1.419;3.941;1,23 %;0,64 %;25,97 %;72,11 %;99,95 %;-3
23;NARIÑO;120;SAN BERNARDO;SAN BERNARDO;9.190;74,85 %;-326;FALSE;FALSE;70;131;20;3.375;3.504;2;3.440;20;20;344;0;74,85 %;6.879;5.079;73,83 %;5.017;53;93;2.625;2.299;1,83 %;1,04 %;51,68 %;45,26 %;99,82 %;-9
7;BOYACA;151;MIRAFLORES;MIRAFLORES;9.193;82,99 %;716;TRUE;FALSE;12.914;1;23;3.756;3.873;2;3.815;23;23;332;0;82,99 %;7.629;5.506;72,17 %;5.462;36;82;2.332;3.048;1,49 %;0,65 %;42,35 %;55,36 %;99,85 %;-8
23;NARIÑO;34;CUASPUD (CARLOSAMA);CUASPUD (CARLOSAMA);9.219;88,95 %;-3.229;FALSE;FALSE;48;192;24;4.248;3.952;2;4.100;24;24;342;0;88,95 %;8.200;5.805;70,79 %;5.755;40;40;4.472;1.243;0,69 %;0,69 %;77,04 %;21,41 %;99,83 %;-10
29;TOLIMA;124;VILLAHERMOSA;VILLAHERMOSA;9.254;75,75 %;1.466;TRUE;FALSE;188;49;25;3.146;3.864;9;779;25;25;280;0;75,75 %;7.010;3.749;53,48 %;3.677;60;65;1.073;2.539;1,73 %;1,60 %;28,62 %;67,72 %;99,68 %;-12
23;NARIÑO;85;LOS ANDES (SOTOMAYOR);LOS ANDES (SOTOMAYOR);9.287;86,84 %;-3.562;FALSE;FALSE;907;10;26;3.942;4.123;8;1.008;26;26;310;0;86,84 %;8.065;6.338;78,59 %;6.176;148;116;4.811;1.249;1,83 %;2,34 %;75,91 %;19,71 %;99,78 %;-14
7;BOYACA;304;TIBANA;TIBANA;9.299;81,11 %;2.381;TRUE;TRUE;121;77;23;3.616;3.926;4;1.886;23;23;328;0;81,11 %;7.542;5.022;66,59 %;4.976;38;53;1.271;3.652;1,06 %;0,76 %;25,31 %;72,72 %;99,84 %;-8
5;BOLIVAR;25;EL GUAMO;EL GUAMO;9.304;90,60 %;544;TRUE;FALSE;390;24;27;3.865;4.564;6;1.405;27;27;312;0;90,60 %;8.429;4.622;54,83 %;4.605;10;29;2.016;2.560;0,63 %;0,22 %;43,62 %;55,39 %;99,85 %;-7
17;CHOCO;28;NOVITA;NOVITA;9.320;64,61 %;-1.926;FALSE;FALSE;1.327;7;26;2.873;3.149;14;430;26;26;232;0;64,61 %;6.022;3.202;53,17 %;3.128;58;36;2.509;583;1,12 %;1,81 %;78,36 %;18,21 %;99,50 %;-16
23;NARIÑO;4;ALBAN (SAN JOSE);ALBAN (SAN JOSE);9.339;80,22 %;498;TRUE;FALSE;57;164;25;3.714;3.778;6;1.249;25;25;300;0;80,22 %;7.492;5.311;70,89 %;5.237;66;95;2.322;2.820;1,79 %;1,24 %;43,72 %;53,10 %;99,85 %;-8
15;CUNDINAMARCA;232;SAN JUAN DE RIOSECO;SAN JUAN DE RIOSECO;9.416;96,69 %;2.283;TRUE;FALSE;323;29;29;4.261;4.843;5;1.821;29;29;314;0;96,69 %;9.104;5.851;64,27 %;5.814;30;57;1.737;4.020;0,97 %;0,51 %;29,69 %;68,71 %;99,88 %;-7
15;CUNDINAMARCA;103;GACHETA;GACHETA;9.418;93,76 %;2.498;TRUE;TRUE;262;36;26;4.274;4.556;4;2.208;26;26;340;0;93,76 %;8.830;5.806;65,75 %;5.750;42;104;1.574;4.072;1,79 %;0,72 %;27,11 %;70,13 %;99,76 %;-14
9;CALDAS;58;MARMATO;MARMATO;9.419;82,96 %;288;TRUE;FALSE;41;230;26;3.658;4.156;7;1.116;26;26;301;0;82,96 %;7.814;3.845;49,21 %;3.774;60;78;1.704;1.992;2,03 %;1,56 %;44,32 %;51,81 %;99,71 %;-11
25;NORTE DE SAN;69;PUERTO SANTANDER;PUERTO SANTANDER;9.483;224,68 %;3.008;TRUE;TRUE;42;226;62;11.073;10.233;4;5.327;62;62;344;0;224,68 %;21.306;4.188;19,66 %;4.161;21;33;560;3.568;0,79 %;0,50 %;13,37 %;85,20 %;99,86 %;-6
11;CAUCA;60;PIAMONTE;PIAMONTE;9.484;70,99 %;-1.360;FALSE;FALSE;1.148;8;26;3.084;3.649;12;561;26;26;259;0;70,99 %;6.733;3.722;55,28 %;3.666;44;82;2.472;1.112;2,20 %;1,18 %;66,42 %;29,88 %;99,68 %;-12
15;CUNDINAMARCA;274;TAUSA;TAUSA;9.545;67,40 %;2.827;TRUE;TRUE;204;47;20;3.013;3.420;4;1.608;20;20;322;0;67,40 %;6.433;4.930;76,64 %;4.871;56;114;965;3.792;2,31 %;1,14 %;19,57 %;76,92 %;99,94 %;-3
19;HUILA;46;IQUIRA;IQUIRA;9.569;82,63 %;582;TRUE;FALSE;532;18;25;3.787;4.120;4;1.977;25;25;316;0;82,63 %;7.907;5.361;67,80 %;5.317;32;55;2.340;2.922;1,03 %;0,60 %;43,65 %;54,50 %;99,78 %;-12
23;NARIÑO;80;LEIVA;LEIVA;9.591;93,14 %;-5.749;FALSE;FALSE;316;30;30;4.157;4.776;11;812;30;30;298;0;93,14 %;8.933;6.655;74,50 %;6.464;185;41;6.086;337;0,62 %;2,78 %;91,45 %;5,06 %;99,91 %;-6
21;MAGDALENA;46;PEDRAZA;PEDRAZA;9.612;115,00 %;1.406;TRUE;FALSE;1.698;6;33;5.295;5.759;5;2.211;33;33;335;0;115,00 %;11.054;5.024;45,45 %;5.000;15;10;1.792;3.198;0,20 %;0,30 %;35,67 %;63,65 %;99,82 %;-9
15;CUNDINAMARCA;217;APULO;APULO;9.647;75,66 %;1.676;TRUE;FALSE;127;76;22;3.464;3.835;2;3.650;22;22;332;0;75,66 %;7.299;4.991;68,38 %;4.940;45;52;1.606;3.282;1,04 %;0,90 %;32,18 %;65,76 %;99,88 %;-6
1;ANTIOQUIA;73;CAMPAMENTO;CAMPAMENTO;9.680;74,34 %;91;TRUE;FALSE;200;48;22;3.275;3.921;3;2.399;22;22;327;0;74,34 %;7.196;4.717;65,55 %;4.562;76;199;2.136;2.227;4,22 %;1,61 %;45,28 %;47,21 %;98,33 %;-79
52;META;74;URIBE;URIBE;9.706;78,51 %;-4.706;FALSE;FALSE;6.037;2;23;3.374;4.246;4;1.905;23;23;331;0;78,51 %;7.620;6.070;79,66 %;6.018;48;74;5.325;619;1,22 %;0,79 %;87,73 %;10,20 %;99,93 %;-4
1;ANTIOQUIA;217;SABANALARGA;SABANALARGA;9.717;80,79 %;2.622;TRUE;TRUE;421;23;24;3.622;4.228;4;1.963;24;24;327;0;80,79 %;7.850;4.295;54,71 %;4.263;24;65;788;3.410;1,51 %;0,56 %;18,35 %;79,39 %;99,81 %;-8
23;NARIÑO;98;POLICARPA;POLICARPA;9.799;130,77 %;-8.542;FALSE;FALSE;467;21;42;5.968;6.846;11;1.165;42;42;305;0;130,77 %;12.814;9.737;75,99 %;9.584;147;102;9.012;470;1,05 %;1,51 %;92,55 %;4,83 %;99,94 %;-6
27;SANTANDER;223;ZAPATOCA;ZAPATOCA;9.815;85,57 %;3.034;TRUE;TRUE;360;27;25;4.238;4.161;3;2.800;25;25;336;0;85,57 %;8.399;5.847;69,62 %;5.809;30;99;1.338;4.372;1,69 %;0,51 %;22,88 %;74,77 %;99,86 %;-8
1;ANTIOQUIA;291;VIGIA DEL FUERTE;VIGIA DEL FUERTE;9.869;69,98 %;-1.971;FALSE;FALSE;1.780;6;25;3.442;3.464;9;767;25;25;276;0;69,98 %;6.906;3.048;44,14 %;3.027;12;12;2.493;522;0,39 %;0,39 %;81,79 %;17,13 %;99,70 %;-9
29;TOLIMA;87;PALOCABILDO;PALOCABILDO;9.889;87,04 %;1.691;TRUE;FALSE;65;152;25;4.018;4.589;2;4.304;25;25;344;0;87,04 %;8.607;5.010;58,21 %;4.971;33;58;1.611;3.302;1,16 %;0,66 %;32,16 %;65,91 %;99,88 %;-6
11;CAUCA;86;SUCRE;SUCRE;9.904;59,71 %;-3.898;FALSE;FALSE;1.110;9;22;2.909;3.005;12;493;22;22;269;0;59,71 %;5.914;4.594;77,68 %;4.520;65;62;4.178;280;1,35 %;1,41 %;90,94 %;6,09 %;99,80 %;-9
15;CUNDINAMARCA;223;SAN BERNARDO;SAN BERNARDO;9.909;79,14 %;1.537;TRUE;FALSE;70;142;24;3.668;4.174;2;3.921;24;24;327;0;79,14 %;7.842;4.975;63,44 %;4.943;26;40;1.683;3.220;0,80 %;0,52 %;33,83 %;64,72 %;99,88 %;-6
26;QUINDIO;90;SALENTO;SALENTO;9.909;61,67 %;1.419;TRUE;FALSE;377;26;21;2.988;3.123;5;1.222;21;21;291;0;61,67 %;6.111;4.022;65,82 %;3.970;48;65;1.243;2.662;1,62 %;1,19 %;30,91 %;66,19 %;99,90 %;-4
23;NARIÑO;76;LA FLORIDA;LA FLORIDA;9.931;96,68 %;-3.380;FALSE;FALSE;143;69;31;4.853;4.748;11;873;31;31;310;0;96,68 %;9.601;7.114;74,10 %;7.050;53;66;5.182;1.802;0,93 %;0,75 %;72,84 %;25,33 %;99,85 %;-11
72;VICHADA;8;LA PRIMAVERA;LA PRIMAVERA;9.946;74,03 %;2.137;TRUE;TRUE;22.159;0;26;3.342;4.021;8;920;26;26;283;0;74,03 %;7.363;4.018;54,57 %;4.003;7;44;911;3.048;1,10 %;0,17 %;22,67 %;75,86 %;99,80 %;-8
23;NARIÑO;82;LINARES;LINARES;10.033;83,92 %;-3.582;FALSE;FALSE;115;87;30;4.140;4.280;9;936;30;30;281;0;83,92 %;8.420;6.190;73,52 %;6.109;64;85;4.803;1.221;1,37 %;1,03 %;77,59 %;19,73 %;99,73 %;-17
23;NARIÑO;100;POTOSI;POTOSI;10.079;100,53 %;-2.304;FALSE;FALSE;288;35;36;5.166;4.966;12;844;36;36;281;0;100,53 %;10.132;6.839;67,50 %;6.795;33;59;4.520;2.216;0,86 %;0,48 %;66,09 %;32,40 %;99,84 %;-11
29;TOLIMA;13;ANZOATEGUI;ANZOATEGUI;10.080;86,68 %;2.211;TRUE;TRUE;541;19;27;3.881;4.856;5;1.747;27;27;324;0;86,68 %;8.737;4.726;54,09 %;4.684;25;57;1.208;3.419;1,21 %;0,53 %;25,56 %;72,34 %;99,64 %;-17
1;ANTIOQUIA;61;BURITICA;BURITICA;10.089;84,81 %;1.244;TRUE;FALSE;368;27;27;3.931;4.625;6;1.426;27;27;317;0;84,81 %;8.556;4.322;50,51 %;4.275;31;93;1.469;2.713;2,15 %;0,72 %;33,99 %;62,77 %;99,63 %;-16
17;CHOCO;25;LLORO;LLORO;10.147;92,38 %;-2.452;FALSE;FALSE;905;11;31;4.781;4.593;10;937;31;31;302;0;92,38 %;9.374;4.566;48,71 %;4.450;100;32;3.435;983;0,70 %;2,19 %;75,23 %;21,53 %;99,65 %;-16
15;CUNDINAMARCA;198;PARATEBUENO (LA NAGUAYA);PARATEBUENO (LA NAGUAYA);10.167;76,56 %;2.492;TRUE;TRUE;883;12;26;3.585;4.199;7;1.112;26;26;299;0;76,56 %;7.784;5.170;66,42 %;5.112;49;38;1.291;3.783;0,74 %;0,95 %;24,97 %;73,17 %;99,83 %;-9
1;ANTIOQUIA;139;GRANADA;GRANADA;10.226;97,52 %;4.459;TRUE;TRUE;350;29;30;4.820;5.152;3;3.324;30;30;332;0;97,52 %;9.972;6.289;63,07 %;6.246;29;73;857;5.316;1,16 %;0,46 %;13,63 %;84,53 %;99,78 %;-14
11;CAUCA;53;PADILLA;PADILLA;10.233;71,58 %;-2.788;FALSE;FALSE;100;102;24;3.866;3.459;7;1.046;24;24;305;0;71,58 %;7.325;4.674;63,81 %;4.577;91;47;3.659;871;1,01 %;1,95 %;78,28 %;18,64 %;99,87 %;-6
7;BOYACA;217;RAMIRIQUI;RAMIRIQUI;10.275;91,97 %;2.698;TRUE;FALSE;139;74;29;4.661;4.789;3;3.150;29;29;326;0;91,97 %;9.450;6.712;71,03 %;6.658;47;88;1.936;4.634;1,31 %;0,70 %;28,84 %;69,04 %;99,90 %;-7
44;CAQUETA;16;MILAN;MILAN;10.276;65,64 %;-494;FALSE;FALSE;1.243;8;22;3.022;3.723;7;964;22;22;307;0;65,64 %;6.745;3.680;54,56 %;3.618;52;72;2.020;1.526;1,96 %;1,41 %;54,89 %;41,47 %;99,73 %;-10
21;MAGDALENA;13;CERRO DE SAN ANTONIO;CERRO DE SAN ANTONIO;10.285;89,21 %;783;TRUE;FALSE;184;56;28;4.339;4.836;5;1.835;28;28;328;0;89,21 %;9.175;4.396;47,91 %;4.372;17;25;1.782;2.565;0,57 %;0,39 %;40,54 %;58,35 %;99,84 %;-7
25;NORTE DE SAN;7;ARBOLEDAS;ARBOLEDAS;10.293;75,94 %;4.205;TRUE;TRUE;454;23;26;3.525;4.291;9;868;26;26;301;0;75,94 %;7.816;5.344;68,37 %;5.318;22;51;531;4.736;0,95 %;0,41 %;9,94 %;88,62 %;99,93 %;-4
5;BOLIVAR;50;NOROSI;NOROSI;10.309;53,30 %;-887;FALSE;FALSE;412;25;21;2.399;3.096;10;550;21;21;262;0;53,30 %;5.495;2.736;49,79 %;2.721;12;32;1.788;901;1,17 %;0,44 %;65,35 %;32,93 %;99,89 %;-3
1;ANTIOQUIA;136;GOMEZ PLATA;GOMEZ PLATA;10.390;87,61 %;3.102;TRUE;TRUE;360;29;27;4.393;4.710;4;2.276;27;27;337;0;87,61 %;9.103;5.243;57,60 %;5.162;67;124;968;4.070;2,37 %;1,28 %;18,46 %;77,63 %;99,73 %;-14
1;ANTIOQUIA;91;CISNEROS;CISNEROS;10.406;123,20 %;2.308;TRUE;FALSE;46;226;37;6.371;6.449;1;12.820;37;37;346;0;123,20 %;12.820;7.093;55,33 %;6.986;87;144;2.267;4.575;2,03 %;1,23 %;31,96 %;64,50 %;99,72 %;-20
1;ANTIOQUIA;190;NARIÑO;NARIÑO;10.417;84,41 %;3.417;TRUE;TRUE;50;208;29;4.063;4.730;7;1.256;29;29;303;0;84,41 %;8.793;4.342;49,38 %;4.309;16;60;416;3.833;1,38 %;0,37 %;9,58 %;88,28 %;99,61 %;-17
27;SANTANDER;202;SUAITA;SUAITA;10.423;83,60 %;3.670;TRUE;TRUE;280;37;27;4.110;4.604;5;1.743;27;27;323;0;83,60 %;8.714;5.801;66,57 %;5.749;45;73;1.003;4.673;1,26 %;0,78 %;17,29 %;80,56 %;99,88 %;-7
27;SANTANDER;196;SIMACOTA;SIMACOTA;10.492;60,54 %;2.454;TRUE;TRUE;1.413;7;22;2.932;3.420;8;794;22;22;289;0;60,54 %;6.352;4.504;70,91 %;4.470;32;50;983;3.437;1,11 %;0,71 %;21,83 %;76,31 %;99,96 %;-2
17;CHOCO;8;BAHIA SOLANO (MUTIS);BAHIA SOLANO (MUTIS);10.521;85,76 %;-2.930;FALSE;FALSE;1.667;6;29;4.415;4.608;7;1.289;29;29;311;0;85,76 %;9.023;4.862;53,88 %;4.818;38;28;3.860;930;0,58 %;0,78 %;79,39 %;19,13 %;99,88 %;-6
29;TOLIMA;25;CARMEN DE APICALA;CARMEN DE APICALA;10.527;100,23 %;2.464;TRUE;FALSE;183;58;33;5.175;5.376;4;2.638;33;33;320;0;100,23 %;10.551;6.838;64,81 %;6.756;71;104;2.094;4.558;1,52 %;1,04 %;30,62 %;66,66 %;99,84 %;-11
1;ANTIOQUIA;172;LIBORINA;LIBORINA;10.567;90,89 %;3.501;TRUE;TRUE;217;49;30;4.393;5.211;5;1.921;30;30;320;0;90,89 %;9.604;5.540;57,68 %;5.510;17;79;965;4.466;1,43 %;0,31 %;17,42 %;80,61 %;99,77 %;-13
52;META;48;PUERTO LLERAS;PUERTO LLERAS;10.599;68,78 %;1.377;TRUE;FALSE;2.410;4;24;3.252;4.038;5;1.458;24;24;304;0;68,78 %;7.290;4.330;59,40 %;4.284;43;45;1.431;2.808;1,04 %;0,99 %;33,05 %;64,85 %;99,93 %;-3
15;CUNDINAMARCA;199;PASCA;PASCA;10.617;80,45 %;-347;FALSE;FALSE;264;40;25;4.080;4.461;1;8.541;25;25;342;0;80,45 %;8.541;6.036;70,67 %;5.979;50;64;3.131;2.784;1,06 %;0,83 %;51,87 %;46,12 %;99,88 %;-7
9;CALDAS;127;VICTORIA;VICTORIA;10.634;78,87 %;1.821;TRUE;FALSE;507;21;26;4.053;4.334;5;1.677;26;26;323;0;78,87 %;8.387;4.974;59,31 %;4.872;85;67;1.492;3.313;1,35 %;1,71 %;30,00 %;66,61 %;99,66 %;-17
52;META;44;MESETAS;MESETAS;10.676;87,78 %;-913;FALSE;FALSE;1.980;5;28;4.231;5.140;4;2.343;28;28;335;0;87,78 %;9.371;6.237;66,56 %;6.131;90;124;3.460;2.547;1,99 %;1,44 %;55,48 %;40,84 %;99,74 %;-16
19;HUILA;74;SANTA MARIA;SANTA MARIA;10.712;83,16 %;3.491;TRUE;TRUE;314;34;27;4.159;4.749;3;2.969;27;27;330;0;83,16 %;8.908;5.810;65,22 %;5.782;26;89;1.101;4.592;1,53 %;0,45 %;18,95 %;79,04 %;99,97 %;-2
54;GUAVIARE;3;CALAMAR;CALAMAR;10.723;67,72 %;-539;FALSE;FALSE;14.300;1;23;2.864;4.398;6;1.210;23;23;316;0;67,72 %;7.262;3.798;52,30 %;3.727;55;82;2.092;1.553;2,16 %;1,45 %;55,08 %;40,89 %;99,58 %;-16
1;ANTIOQUIA;52;BETANIA;BETANIA;10.770;78,05 %;2.711;TRUE;TRUE;170;63;25;3.829;4.577;2;4.203;25;25;336;0;78,05 %;8.406;4.217;50,17 %;4.186;17;67;704;3.415;1,59 %;0,40 %;16,69 %;80,98 %;99,67 %;-14
28;SUCRE;42;EL ROBLE;EL ROBLE;10.797;93,04 %;-2.340;FALSE;FALSE;206;52;36;4.676;5.369;14;718;36;36;279;0;93,04 %;10.045;6.519;64,90 %;6.494;13;32;4.401;2.061;0,49 %;0,20 %;67,51 %;31,62 %;99,82 %;-12
15;CUNDINAMARCA;145;LA PALMA;LA PALMA;10.820;77,22 %;2.077;TRUE;TRUE;191;57;26;3.914;4.441;5;1.671;26;26;321;0;77,22 %;8.355;4.868;58,26 %;4.827;28;46;1.352;3.429;0,94 %;0,58 %;27,77 %;70,44 %;99,73 %;-13
19;HUILA;67;SALADOBLANCO;SALADOBLANCO;10.820;100,37 %;4.399;TRUE;TRUE;290;37;33;5.109;5.751;4;2.715;33;33;329;0;100,37 %;10.860;7.272;66,96 %;7.242;24;89;1.377;5.776;1,22 %;0,33 %;18,94 %;79,43 %;99,92 %;-6
9;CALDAS;13;ARANZAZU;ARANZAZU;10.844;103,08 %;3.749;TRUE;TRUE;151;72;37;5.349;5.829;8;1.397;37;37;302;0;103,08 %;11.178;6.332;56,65 %;6.204;100;143;1.156;4.905;2,26 %;1,58 %;18,26 %;77,46 %;99,56 %;-28
25;NORTE DE SAN;43;HACARI;HACARI;10.853;76,37 %;-1.757;FALSE;FALSE;410;26;27;3.648;4.640;8;1.036;27;27;307;0;76,37 %;8.288;4.434;53,50 %;4.383;45;54;3.043;1.286;1,22 %;1,01 %;68,63 %;29,00 %;99,86 %;-6
9;CALDAS;106;RISARALDA;RISARALDA;10.857;97,12 %;2.503;TRUE;FALSE;108;101;32;4.783;5.761;5;2.109;32;32;330;0;97,12 %;10.544;5.908;56,03 %;5.795;88;106;1.593;4.096;1,79 %;1,49 %;26,96 %;69,33 %;99,58 %;-25
27;SANTANDER;120;LANDAZURI;LANDAZURI;10.864;94,39 %;3.203;TRUE;TRUE;630;17;35;4.653;5.601;9;1.139;35;35;293;0;94,39 %;10.254;6.283;61,27 %;6.217;55;64;1.475;4.678;1,02 %;0,88 %;23,48 %;74,45 %;99,82 %;-11
11;CAUCA;37;LA SIERRA;LA SIERRA;10.912;84,57 %;-2.283;FALSE;FALSE;217;50;29;4.399;4.829;5;1.846;29;29;318;0;84,57 %;9.228;6.579;71,29 %;6.397;153;108;4.286;2.003;1,64 %;2,33 %;65,15 %;30,45 %;99,56 %;-29
27;SANTANDER;136;MOGOTES;MOGOTES;10.924;76,17 %;3.986;TRUE;TRUE;487;22;28;3.993;4.328;8;1.040;28;28;297;0;76,17 %;8.321;5.940;71,39 %;5.870;63;76;904;4.890;1,28 %;1,06 %;15,22 %;82,32 %;99,88 %;-7
9;CALDAS;22;BELALCAZAR;BELALCAZAR;10.941;94,40 %;1.588;TRUE;FALSE;114;96;31;4.865;5.463;7;1.475;31;31;333;0;94,40 %;10.328;5.754;55,71 %;5.648;74;108;1.976;3.564;1,88 %;1,29 %;34,34 %;61,94 %;99,44 %;-32
7;BOYACA;59;CUBARA;CUBARA;10.964;64,53 %;-1.012;FALSE;FALSE;1.650;7;22;3.372;3.703;5;1.415;22;22;322;0;64,53 %;7.075;3.717;52,54 %;3.638;65;50;2.300;1.288;1,35 %;1,75 %;61,88 %;34,65 %;99,62 %;-14
60;AMAZONAS;7;PUERTO NARIÑO;PUERTO NARIÑO;10.971;47,14 %;-1.490;FALSE;FALSE;1.475;7;17;2.378;2.794;4;1.293;17;17;304;0;47,14 %;5.172;2.851;55,12 %;2.817;14;29;2.139;649;1,02 %;0,49 %;75,03 %;22,76 %;99,30 %;-20
23;NARIÑO;145;YACUANQUER;YACUANQUER;10.980;83,44 %;-3.522;FALSE;FALSE;115;95;28;4.745;4.417;6;1.527;28;28;327;0;83,44 %;9.162;6.898;75,29 %;6.819;68;69;5.136;1.614;1,00 %;0,99 %;74,46 %;23,40 %;99,84 %;-11
25;NORTE DE SAN;73;SALAZAR;SALAZAR;10.981;92,10 %;4.801;TRUE;TRUE;493;22;34;4.768;5.346;9;1.124;34;34;297;0;92,10 %;10.114;6.092;60,23 %;6.061;21;68;596;5.397;1,12 %;0,34 %;9,78 %;88,59 %;99,84 %;-10
21;MAGDALENA;90;ZAPAYAN;ZAPAYAN;10.983;84,42 %;1.849;TRUE;FALSE;353;31;31;4.327;4.945;7;1.325;31;31;299;0;84,42 %;9.272;5.138;55,41 %;5.118;5;33;1.618;3.467;0,64 %;0,10 %;31,49 %;67,48 %;99,71 %;-15
5;BOLIVAR;78;SAN JACINTO DEL CAUCA;SAN JACINTO DEL CAUCA;11.024;67,73 %;1.087;TRUE;FALSE;549;20;24;3.358;4.109;8;933;24;24;311;0;67,73 %;7.467;3.809;51,01 %;3.800;5;23;1.345;2.432;0,60 %;0,13 %;35,31 %;63,85 %;99,89 %;-4
17;CHOCO;27;MEDIO SAN JUAN;MEDIO SAN JUAN;11.083;70,94 %;-3.493;FALSE;FALSE;620;18;29;3.927;3.935;15;524;29;29;271;0;70,94 %;7.862;4.320;54,95 %;4.253;54;36;3.855;362;0,83 %;1,25 %;89,24 %;8,38 %;99,70 %;-13
15;CUNDINAMARCA;58;CHIPAQUE;CHIPAQUE;11.093;77,35 %;2.325;TRUE;FALSE;139;80;25;4.136;4.444;1;8.580;25;25;343;0;77,35 %;8.580;6.433;74,98 %;6.370;58;81;1.982;4.307;1,26 %;0,90 %;30,81 %;66,95 %;99,92 %;-5
27;SANTANDER;16;BARICHARA;BARICHARA;11.097;71,54 %;2.897;TRUE;TRUE;134;83;23;4.031;3.908;1;7.939;23;23;345;0;71,54 %;7.939;6.038;76,05 %;6.002;26;113;1.496;4.393;1,87 %;0,43 %;24,78 %;72,76 %;99,83 %;-10
23;NARIÑO;127;SANTACRUZ (GUACHAVES);SANTACRUZ (GUACHAVES);11.099;72,99 %;-4.454;FALSE;FALSE;555;20;29;3.938;4.163;10;810;29;29;279;0;72,99 %;8.101;5.809;71,71 %;5.764;29;70;5.074;620;1,21 %;0,50 %;87,35 %;10,67 %;99,72 %;-16
5;BOLIVAR;65;RIOVIEJO;RIOVIEJO;11.118;63,11 %;547;TRUE;FALSE;1.414;8;24;3.227;3.790;7;1.002;24;24;292;0;63,11 %;7.017;4.014;57,20 %;3.991;16;40;1.702;2.249;1,00 %;0,40 %;42,40 %;56,03 %;99,83 %;-7
7;BOYACA;106;GUATEQUE;GUATEQUE;11.119;82,53 %;1.398;TRUE;FALSE;36;309;27;4.577;4.600;2;4.589;27;27;340;0;82,53 %;9.177;6.339;69,07 %;6.270;62;112;2.380;3.778;1,77 %;0,98 %;37,55 %;59,60 %;99,89 %;-7
19;HUILA;25;TESALIA (CARNICERIAS);TESALIA (CARNICERIAS);11.187;78,98 %;3.163;TRUE;TRUE;373;30;26;4.301;4.534;2;4.418;26;26;340;0;78,98 %;8.835;6.000;67,91 %;5.932;58;71;1.349;4.512;1,18 %;0,97 %;22,48 %;75,20 %;99,83 %;-10
17;CHOCO;12;MEDIO ATRATO (BETE);MEDIO ATRATO (BETE);11.190;68,42 %;-2.983;FALSE;FALSE;562;20;26;3.839;3.817;10;766;26;26;294;0;68,42 %;7.656;3.743;48,89 %;3.704;38;13;3.337;354;0,35 %;1,02 %;89,15 %;9,46 %;99,97 %;-1
5;BOLIVAR;106;SOPLAVIENTO;SOPLAVIENTO;11.225;79,79 %;-3.277;FALSE;FALSE;91;123;26;4.530;4.426;1;8.956;26;26;344;0;79,79 %;8.956;5.935;66,27 %;5.909;16;36;4.575;1.298;0,61 %;0,27 %;77,09 %;21,87 %;99,83 %;-10
1;ANTIOQUIA;274;TITIRIBI;TITIRIBI;11.226;77,22 %;2.043;TRUE;TRUE;142;79;27;4.278;4.391;7;1.238;27;27;321;0;77,22 %;8.669;4.496;51,86 %;4.444;41;79;1.161;3.204;1,76 %;0,91 %;25,82 %;71,26 %;99,76 %;-11
27;SANTANDER;25;BOLIVAR;BOLIVAR;11.266;71,43 %;2.278;TRUE;TRUE;602;19;34;3.708;4.339;19;424;34;34;237;0;71,43 %;8.047;5.053;62,79 %;5.011;26;49;1.342;3.620;0,97 %;0,51 %;26,56 %;71,64 %;99,68 %;-16
11;CAUCA;73;SAN SEBASTIAN;SAN SEBASTIAN;11.328;62,22 %;-2.971;FALSE;FALSE;436;26;24;3.453;3.595;7;1.007;24;24;294;0;62,22 %;7.048;4.797;68,06 %;4.731;42;56;3.823;852;1,17 %;0,88 %;79,70 %;17,76 %;99,50 %;-24
28;SUCRE;10;BUENAVISTA;BUENAVISTA;11.340;91,94 %;-312;FALSE;FALSE;144;79;31;5.001;5.425;3;3.475;31;31;336;0;91,94 %;10.426;6.087;58,38 %;6.065;13;53;3.162;2.850;0,87 %;0,21 %;51,95 %;46,82 %;99,85 %;-9
23;NARIÑO;55;GUAITARILLA;GUAITARILLA;11.348;97,92 %;-4.965;FALSE;FALSE;131;87;36;5.493;5.619;10;1.111;36;36;309;0;97,92 %;11.112;8.011;72,09 %;7.955;51;64;6.428;1.463;0,80 %;0,64 %;80,24 %;18,26 %;99,94 %;-5
12;CESAR;625;MANAURE BALCON DEL CESAR (MANA;MANAURE BALCON DEL CESAR (MANA;11.372;81,69 %;-78;FALSE;FALSE;126;90;30;4.530;4.760;6;1.548;30;30;310;0;81,69 %;9.290;5.952;64,07 %;5.903;39;41;2.970;2.892;0,69 %;0,66 %;49,90 %;48,59 %;99,83 %;-10
52;META;42;LEJANIAS;LEJANIAS;11.426;79,05 %;1.947;TRUE;FALSE;852;13;28;4.300;4.732;4;2.258;28;28;323;0;79,05 %;9.032;5.709;63,21 %;5.613;79;100;1.783;3.730;1,75 %;1,38 %;31,23 %;65,34 %;99,70 %;-17
25;NORTE DE SAN;19;CACHIRA;CACHIRA;11.462;66,02 %;4.180;TRUE;TRUE;605;19;28;3.484;4.083;13;582;28;28;270;0;66,02 %;7.567;5.145;67,99 %;5.126;15;34;456;4.636;0,66 %;0,29 %;8,86 %;90,11 %;99,92 %;-4
27;SANTANDER;145;OIBA;OIBA;11.466;86,89 %;4.268;TRUE;TRUE;287;40;31;4.827;5.136;5;1.993;31;31;321;0;86,89 %;9.963;6.998;70,24 %;6.948;42;90;1.295;5.563;1,29 %;0,60 %;18,51 %;79,49 %;99,89 %;-8
5;BOLIVAR;37;MARGARITA;MARGARITA;11.505;91,41 %;1.863;TRUE;FALSE;295;39;35;4.784;5.733;13;809;35;35;300;0;91,41 %;10.517;5.111;48,60 %;5.097;9;28;1.603;3.466;0,55 %;0,18 %;31,36 %;67,81 %;99,90 %;-5
17;CHOCO;7;BAGADO;BAGADO;11.530;73,19 %;-3.038;FALSE;FALSE;777;15;30;4.138;4.301;12;703;30;30;281;0;73,19 %;8.439;3.912;46,36 %;3.895;13;11;3.461;423;0,28 %;0,33 %;88,47 %;10,81 %;99,90 %;-4
44;CAQUETA;4;BELEN DE LOS ANDAQUIES;BELEN DE LOS ANDAQUIES;11.542;73,34 %;1.199;TRUE;FALSE;1.180;10;26;4.124;4.341;3;2.822;26;26;326;0;73,34 %;8.465;5.087;60,09 %;5.005;69;88;1.859;3.058;1,73 %;1,36 %;36,54 %;60,11 %;99,74 %;-13
15;CUNDINAMARCA;277;TENA;TENA;11.615;68,70 %;1.689;TRUE;FALSE;55;211;24;3.924;4.055;2;3.990;24;24;332;0;68,70 %;7.979;5.639;70,67 %;5.605;28;74;1.921;3.610;1,31 %;0,50 %;34,07 %;64,02 %;99,89 %;-6
21;MAGDALENA;20;CONCORDIA;CONCORDIA;11.618;107,16 %;-1.160;FALSE;FALSE;110;106;37;5.784;6.666;4;3.113;37;37;336;0;107,16 %;12.450;5.986;48,08 %;5.961;18;29;3.546;2.386;0,48 %;0,30 %;59,24 %;39,86 %;99,88 %;-7
19;HUILA;56;PALESTINA;PALESTINA;11.670;88,88 %;2.830;TRUE;FALSE;220;53;31;4.903;5.469;2;5.186;31;31;335;0;88,88 %;10.372;6.953;67,04 %;6.844;95;134;1.940;4.770;1,93 %;1,37 %;27,90 %;68,60 %;99,80 %;-14
21;MAGDALENA;67;SALAMINA;SALAMINA;11.686;72,57 %;-461;FALSE;FALSE;175;67;25;4.111;4.369;2;4.240;25;25;339;0;72,57 %;8.480;5.139;60,60 %;5.117;16;48;2.765;2.304;0,93 %;0,31 %;53,80 %;44,83 %;99,88 %;-6
21;MAGDALENA;78;SANTA BARBARA DE PINTO;SANTA BARBARA DE PINTO;11.689;79,61 %;-866;FALSE;FALSE;497;24;29;4.354;4.952;7;1.329;29;29;321;0;79,61 %;9.306;5.181;55,67 %;5.151;23;33;2.992;2.126;0,64 %;0,44 %;57,75 %;41,03 %;99,86 %;-7
9;CALDAS;37;FILADELFIA;FILADELFIA;11.711;78,40 %;2.748;TRUE;TRUE;191;61;30;4.349;4.833;8;1.148;30;30;306;0;78,40 %;9.182;5.237;57,04 %;5.149;67;79;1.161;3.909;1,51 %;1,28 %;22,17 %;74,64 %;99,60 %;-21
15;CUNDINAMARCA;30;CACHIPAY;CACHIPAY;11.804;84,20 %;2.220;TRUE;FALSE;56;211;29;4.755;5.184;2;4.970;29;29;343;0;84,20 %;9.939;6.948;69,91 %;6.875;66;91;2.282;4.502;1,31 %;0,95 %;32,84 %;64,80 %;99,90 %;-7
11;CAUCA;70;ROSAS;ROSAS;11.817;74,34 %;-1.815;FALSE;FALSE;130;91;28;4.146;4.639;6;1.464;28;28;314;0;74,34 %;8.785;6.121;69,68 %;5.975;125;70;3.860;2.045;1,14 %;2,04 %;63,06 %;33,41 %;99,66 %;-21
48;LA GUAJIRA;18;URUMITA;URUMITA;11.845;79,21 %;-1.358;FALSE;FALSE;329;36;28;4.776;4.607;3;3.128;28;28;335;0;79,21 %;9.383;6.239;66,49 %;6.219;16;65;3.756;2.398;1,04 %;0,26 %;60,20 %;38,44 %;99,94 %;-4
44;CAQUETA;22;SOLANO;SOLANO;11.877;74,80 %;-2.350;FALSE;FALSE;41.635;0;31;3.838;5.046;12;740;31;31;287;0;74,80 %;8.884;4.607;51,86 %;4.548;39;102;3.398;1.048;2,21 %;0,85 %;73,76 %;22,75 %;99,57 %;-20
15;CUNDINAMARCA;154;LENGUAZAQUE;LENGUAZAQUE;11.905;63,65 %;4.501;TRUE;TRUE;160;74;23;3.564;4.014;2;3.789;23;23;329;0;63,65 %;7.578;6.016;79,39 %;5.960;47;85;687;5.188;1,41 %;0,78 %;11,42 %;86,24 %;99,85 %;-9
29;TOLIMA;67;ICONONZO;ICONONZO;11.981;79,02 %;128;TRUE;FALSE;232;52;29;4.463;5.004;6;1.578;29;29;326;0;79,02 %;9.467;6.034;63,74 %;5.984;38;68;2.894;3.022;1,13 %;0,63 %;47,96 %;50,08 %;99,80 %;-12
5;BOLIVAR;6;ALTOS DEL ROSARIO;ALTOS DEL ROSARIO;12.000;71,42 %;1.078;TRUE;FALSE;248;48;26;3.945;4.625;5;1.714;26;26;330;0;71,42 %;8.570;4.089;47,71 %;4.065;16;31;1.478;2.556;0,76 %;0,39 %;36,15 %;62,51 %;99,80 %;-8
1;ANTIOQUIA;25;ANGOSTURA;ANGOSTURA;12.081;78,32 %;2.052;TRUE;FALSE;392;31;28;4.502;4.960;4;2.366;28;28;338;0;78,32 %;9.462;6.544;69,16 %;6.144;277;278;1.907;3.959;4,25 %;4,23 %;29,14 %;60,50 %;98,12 %;-123
19;HUILA;82;TELLO;TELLO;12.082;92,37 %;2.676;TRUE;FALSE;558;22;34;5.159;6.001;6;1.860;34;34;328;0;92,37 %;11.160;7.554;67,69 %;7.418;111;128;2.307;4.983;1,69 %;1,47 %;30,54 %;65,97 %;99,67 %;-25
15;CUNDINAMARCA;16;ARBELAEZ;ARBELAEZ;12.087;82,10 %;2.454;TRUE;FALSE;152;80;29;4.875;5.049;2;4.962;29;29;342;0;82,10 %;9.924;7.202;72,57 %;7.141;51;99;2.294;4.748;1,37 %;0,71 %;31,85 %;65,93 %;99,86 %;-10
23;NARIÑO;40;EL ROSARIO;EL ROSARIO;12.087;59,15 %;-4.252;FALSE;FALSE;566;21;25;3.361;3.788;9;794;25;25;286;0;59,15 %;7.149;5.104;71,39 %;5.029;61;53;4.614;362;1,04 %;1,20 %;90,40 %;7,09 %;99,73 %;-14
31;VALLE;73;LA VICTORIA;LA VICTORIA;12.102;95,57 %;2.006;TRUE;FALSE;276;44;37;5.921;5.645;7;1.652;37;37;313;0;95,57 %;11.566;6.668;57,65 %;6.600;56;90;2.252;4.258;1,35 %;0,84 %;33,77 %;63,86 %;99,82 %;-12
29;TOLIMA;16;ARMERO (GUAYABAL);ARMERO (GUAYABAL);12.127;86,86 %;-740;FALSE;FALSE;385;31;33;5.125;5.408;6;1.756;33;33;319;0;86,86 %;10.533;6.370;60,48 %;6.285;76;53;3.486;2.746;0,83 %;1,19 %;54,73 %;43,11 %;99,86 %;-9
19;HUILA;51;OPORAPA;OPORAPA;12.208;74,85 %;4.028;TRUE;TRUE;188;65;28;4.338;4.800;4;2.285;28;28;326;0;74,85 %;9.138;6.314;69,10 %;6.272;33;98;1.073;5.101;1,55 %;0,52 %;16,99 %;80,79 %;99,86 %;-9
15;CUNDINAMARCA;25;BOJACA;BOJACA;12.236;62,89 %;-571;FALSE;FALSE;109;112;22;3.862;3.833;1;7.695;22;22;350;0;62,89 %;7.695;5.903;76,71 %;5.780;115;99;3.126;2.555;1,68 %;1,95 %;52,96 %;43,28 %;99,86 %;-8
1;ANTIOQUIA;292;VENECIA;VENECIA;12.269;92,90 %;3.555;TRUE;TRUE;121;101;35;5.717;5.681;6;1.900;35;35;326;0;92,90 %;11.398;6.433;56,44 %;6.385;37;84;1.373;4.928;1,31 %;0,58 %;21,34 %;76,61 %;99,83 %;-11
31;VALLE;76;OBANDO;OBANDO;12.281;88,52 %;-970;FALSE;FALSE;213;58;35;5.451;5.420;10;1.087;35;35;311;0;88,52 %;10.871;6.039;55,55 %;5.929;99;79;3.410;2.440;1,31 %;1,64 %;56,47 %;40,40 %;99,82 %;-11
1;ANTIOQUIA;118;ENTRERRIOS;ENTRERRIOS;12.285;79,95 %;3.595;TRUE;TRUE;219;56;28;4.565;5.257;1;9.822;28;28;351;0;79,95 %;9.822;6.111;62,22 %;6.067;33;164;1.154;4.749;2,68 %;0,54 %;18,88 %;77,71 %;99,82 %;-11
46;CASANARE;700;PORE;PORE;12.318;69,57 %;3.623;TRUE;TRUE;780;16;26;4.244;4.326;3;2.857;26;26;330;0;69,57 %;8.570;5.982;69,80 %;5.924;46;71;1.115;4.738;1,19 %;0,77 %;18,64 %;79,20 %;99,80 %;-12
21;MAGDALENA;58;REMOLINO;REMOLINO;12.342;62,96 %;-1.559;FALSE;FALSE;611;20;26;3.607;4.164;8;971;26;26;299;0;62,96 %;7.771;4.525;58,23 %;4.500;22;29;3.015;1.456;0,64 %;0,49 %;66,63 %;32,18 %;99,93 %;-3
46;CASANARE;320;HATO COROZAL;HATO COROZAL;12.369;63,89 %;3.156;TRUE;TRUE;5.518;2;33;3.593;4.310;17;465;33;33;239;0;63,89 %;7.903;5.318;67,29 %;5.286;25;34;1.048;4.204;0,64 %;0,47 %;19,71 %;79,05 %;99,87 %;-7
24;RISARALDA;29;GUATICA;GUATICA;12.449;87,10 %;2.369;TRUE;FALSE;97;128;32;5.131;5.712;4;2.711;32;32;339;0;87,10 %;10.843;6.775;62,48 %;6.658;104;149;2.070;4.439;2,20 %;1,54 %;30,55 %;65,52 %;99,81 %;-13
25;NORTE DE SAN;76;SAN CALIXTO;SAN CALIXTO;12.461;69,18 %;-3.843;FALSE;FALSE;387;32;33;3.767;4.853;18;479;33;33;261;0;69,18 %;8.620;5.067;58,78 %;5.031;31;56;4.409;566;1,11 %;0,61 %;87,01 %;11,17 %;99,90 %;-5
24;RISARALDA;8;APIA;APIA;12.563;85,54 %;2.645;TRUE;FALSE;214;59;35;4.978;5.768;8;1.343;35;35;307;0;85,54 %;10.746;6.460;60,12 %;6.340;99;125;1.785;4.430;1,93 %;1,53 %;27,63 %;68,58 %;99,67 %;-21
27;SANTANDER;61;CHARALA;CHARALA;12.592;82,23 %;3.711;TRUE;TRUE;411;31;32;5.085;5.269;4;2.589;32;32;324;0;82,23 %;10.354;7.253;70,05 %;7.205;41;82;1.706;5.417;1,13 %;0,57 %;23,52 %;74,69 %;99,90 %;-7
1;ANTIOQUIA;290;VEGACHI;VEGACHI;12.608;97,72 %;3.397;TRUE;TRUE;512;25;37;6.012;6.308;4;3.080;37;37;333;0;97,72 %;12.320;6.073;49,29 %;5.985;62;182;1.203;4.600;3,00 %;1,02 %;19,81 %;75,75 %;99,57 %;-26
23;NARIÑO;94;MOSQUERA;MOSQUERA;12.610;57,37 %;-3.991;FALSE;FALSE;678;19;27;3.428;3.806;13;556;27;27;268;0;57,37 %;7.234;4.160;57,51 %;4.149;10;10;4.065;74;0,24 %;0,24 %;97,72 %;1,78 %;99,98 %;-1
17;CHOCO;11;BOJAYA (BELLAVISTA);BOJAYA (BELLAVISTA);12.619;71,14 %;-3.725;FALSE;FALSE;3.693;3;36;4.320;4.657;24;374;36;36;249;0;71,14 %;8.977;4.292;47,81 %;4.288;4;9;4.002;277;0,21 %;0,09 %;93,24 %;6,45 %;100,00 %;0
17;CHOCO;13;CONDOTO;CONDOTO;12.658;89,64 %;-4.082;FALSE;FALSE;890;14;42;5.889;5.457;14;810;42;42;270;0;89,64 %;11.346;6.004;52,92 %;5.912;82;66;4.964;882;1,10 %;1,37 %;82,68 %;14,69 %;99,83 %;-10
29;TOLIMA;106;SAN ANTONIO;SAN ANTONIO;12.663;84,68 %;2.864;TRUE;TRUE;407;31;32;4.895;5.828;5;2.145;32;32;335;0;84,68 %;10.723;5.979;55,76 %;5.920;48;62;1.497;4.361;1,04 %;0,80 %;25,04 %;72,94 %;99,82 %;-11
25;NORTE DE SAN;51;LA ESPERANZA;LA ESPERANZA;12.668;82,89 %;3.250;TRUE;TRUE;695;18;36;4.863;5.637;13;808;36;36;292;0;82,89 %;10.500;6.350;60,48 %;6.290;53;72;1.484;4.734;1,13 %;0,83 %;23,37 %;74,55 %;99,89 %;-7
52;META;30;FUENTE DE ORO;FUENTE DE ORO;12.681;79,30 %;1.800;TRUE;FALSE;628;20;31;4.795;5.261;6;1.676;31;31;324;0;79,30 %;10.056;6.501;64,65 %;6.412;84;90;2.261;4.061;1,38 %;1,29 %;34,78 %;62,47 %;99,92 %;-5
25;NORTE DE SAN;31;CHITAGA;CHITAGA;12.687;72,92 %;4.632;TRUE;TRUE;1.172;11;30;4.367;4.884;8;1.156;30;30;308;0;72,92 %;9.251;6.076;65,68 %;6.030;38;78;660;5.292;1,28 %;0,63 %;10,86 %;87,10 %;99,87 %;-8
15;CUNDINAMARCA;235;SASAIMA;SASAIMA;12.707;75,22 %;2.660;TRUE;FALSE;111;114;29;4.560;4.998;3;3.186;29;29;330;0;75,22 %;9.558;6.599;69,04 %;6.528;67;74;1.897;4.557;1,12 %;1,02 %;28,75 %;69,06 %;99,94 %;-4
1;ANTIOQUIA;115;EBEJICO;EBEJICO;12.708;89,34 %;3.814;TRUE;TRUE;235;54;35;5.327;6.026;6;1.892;35;35;324;0;89,34 %;11.353;6.396;56,34 %;6.316;59;90;1.206;5.020;1,41 %;0,92 %;18,86 %;78,49 %;99,67 %;-21
15;CUNDINAMARCA;61;CHOACHI;CHOACHI;12.714;95,78 %;4.602;TRUE;TRUE;223;57;36;5.962;6.215;4;3.044;36;36;338;0;95,78 %;12.177;9.178;75,37 %;9.124;51;132;2.195;6.797;1,44 %;0,56 %;23,92 %;74,06 %;99,97 %;-3
23;NARIÑO;112;ROBERTO PAYAN (SAN JOSE);ROBERTO PAYAN (SAN JOSE);12.723;79,69 %;-6.344;FALSE;FALSE;1.342;9;38;4.810;5.329;21;483;38;38;267;0;79,69 %;10.139;6.627;65,36 %;6.610;16;26;6.464;120;0,39 %;0,24 %;97,54 %;1,81 %;99,98 %;-1
26;QUINDIO;30;FILANDIA;FILANDIA;12.746;86,31 %;2.502;TRUE;FALSE;109;117;34;5.542;5.459;5;2.200;34;34;324;0;86,31 %;11.001;6.679;60,71 %;6.550;107;132;1.958;4.460;1,98 %;1,60 %;29,32 %;66,78 %;99,67 %;-22
5;BOLIVAR;127;ZAMBRANO;ZAMBRANO;12.761;79,16 %;-3.255;FALSE;FALSE;287;44;29;4.764;5.338;2;5.051;29;29;348;0;79,16 %;10.102;6.024;59,63 %;5.994;22;29;4.610;1.355;0,48 %;0,37 %;76,53 %;22,49 %;99,87 %;-8
29;TOLIMA;121;VENADILLO;VENADILLO;12.817;92,61 %;934;TRUE;FALSE;352;36;38;5.727;6.143;8;1.484;38;38;312;0;92,61 %;11.870;7.265;61,20 %;7.195;57;55;3.103;4.037;0,76 %;0,78 %;42,71 %;55,57 %;99,82 %;-13
21;MAGDALENA;73;SAN ZENON;SAN ZENON;12.873;74,04 %;809;TRUE;FALSE;238;54;32;4.508;5.023;11;866;32;32;298;0;74,04 %;9.531;5.315;55,77 %;5.304;6;31;2.232;3.041;0,58 %;0,11 %;41,99 %;57,22 %;99,91 %;-5
1;ANTIOQUIA;253;SANTO DOMINGO;SANTO DOMINGO;12.907;74,64 %;3.352;TRUE;TRUE;271;48;32;4.523;5.111;8;1.204;32;32;301;0;74,64 %;9.634;5.871;60,94 %;5.779;73;99;1.164;4.516;1,69 %;1,24 %;19,83 %;76,92 %;99,68 %;-19
46;CASANARE;640;OROCUE;OROCUE;12.924;68,91 %;2.527;TRUE;TRUE;4.177;3;29;4.112;4.794;7;1.272;29;29;307;0;68,91 %;8.906;5.708;64,09 %;5.652;39;55;1.535;4.062;0,96 %;0,68 %;26,89 %;71,16 %;99,70 %;-17
15;CUNDINAMARCA;229;SAN FRANCISCO;SAN FRANCISCO;13.063;75,07 %;2.812;TRUE;FALSE;480;27;31;4.883;4.924;5;1.961;31;31;316;0;75,07 %;9.807;6.822;69,56 %;6.763;53;105;1.923;4.735;1,54 %;0,78 %;28,19 %;69,41 %;99,91 %;-6
3;ATLANTICO;55;SUAN;SUAN;13.095;90,65 %;1.456;TRUE;FALSE;55;238;34;5.873;5.997;1;11.870;34;34;349;0;90,65 %;11.870;5.973;50,32 %;5.951;19;63;2.216;3.672;1,05 %;0,32 %;37,10 %;61,48 %;99,95 %;-3
17;CHOCO;48;UNGUIA;UNGUIA;13.124;78,34 %;-1.506;FALSE;FALSE;1.190;11;33;4.843;5.438;6;1.714;33;33;312;0;78,34 %;10.281;4.985;48,49 %;4.956;19;54;3.204;1.698;1,08 %;0,38 %;64,27 %;34,06 %;99,80 %;-10
31;VALLE;115;VIJES;VIJES;13.139;87,19 %;-2.011;FALSE;FALSE;214;61;37;5.681;5.775;10;1.146;37;37;310;0;87,19 %;11.456;7.352;64,18 %;7.314;31;63;4.631;2.620;0,86 %;0,42 %;62,99 %;35,64 %;99,90 %;-7
52;META;49;PUERTO RICO;PUERTO RICO;13.178;73,89 %;-339;FALSE;FALSE;3.431;4;30;4.189;5.548;5;1.947;30;30;325;0;73,89 %;9.737;5.949;61,10 %;5.829;106;98;3.035;2.696;1,65 %;1,78 %;51,02 %;45,32 %;99,76 %;-14
52;META;55;SAN CARLOS DE GUAROA;SAN CARLOS DE GUAROA;13.182;75,09 %;1.611;TRUE;FALSE;811;16;31;4.547;5.351;4;2.475;31;31;319;0;75,09 %;9.898;6.688;67,57 %;6.575;106;86;2.439;4.050;1,29 %;1,58 %;36,47 %;60,56 %;99,90 %;-7
9;CALDAS;133;VITERBO;VITERBO;13.204;102,76 %;3.315;TRUE;FALSE;110;120;44;6.841;6.728;8;1.696;44;44;308;0;102,76 %;13.569;8.111;59,78 %;7.996;100;111;2.285;5.600;1,37 %;1,23 %;28,17 %;69,04 %;99,82 %;-15
15;CUNDINAMARCA;178;NILO;NILO;13.268;47,34 %;1.245;TRUE;FALSE;224;59;19;2.890;3.391;3;2.094;19;19;331;0;47,34 %;6.281;3.867;61,57 %;3.836;28;51;1.270;2.515;1,32 %;0,72 %;32,84 %;65,04 %;99,92 %;-3
23;NARIÑO;125;SANTA BARBARA (ISCUANDE);SANTA BARBARA (ISCUANDE);13.269;60,74 %;-4.484;FALSE;FALSE;224;59;29;3.805;4.255;12;672;29;29;278;0;60,74 %;8.060;4.988;61,89 %;4.929;58;45;4.684;200;0,90 %;1,16 %;93,91 %;4,01 %;99,98 %;-1
23;NARIÑO;136;TANGUA;TANGUA;13.348;77,30 %;-3.516;FALSE;FALSE;239;56;36;5.182;5.136;12;860;36;36;287;0;77,30 %;10.318;7.257;70,33 %;7.196;50;50;5.331;1.815;0,69 %;0,69 %;73,46 %;25,01 %;99,85 %;-11
21;MAGDALENA;48;PIJIÑO DEL CARMEN;PIJIÑO DEL CARMEN;13.358;75,11 %;1.331;TRUE;FALSE;526;25;35;4.686;5.347;12;836;35;35;287;0;75,11 %;10.033;5.784;57,65 %;5.749;22;36;2.191;3.522;0,62 %;0,38 %;37,88 %;60,89 %;99,78 %;-13
28;SUCRE;50;LA UNION;LA UNION;13.439;83,46 %;-2.093;FALSE;FALSE;125;108;34;5.387;5.829;7;1.602;34;34;330;0;83,46 %;11.216;7.070;63,03 %;7.028;34;65;4.528;2.435;0,92 %;0,48 %;64,05 %;34,44 %;99,89 %;-8
5;BOLIVAR;26;HATILLO DE LOBA;HATILLO DE LOBA;13.478;92,68 %;2.289;TRUE;FALSE;150;90;39;5.667;6.825;9;1.388;39;39;320;0;92,68 %;12.492;6.336;50,72 %;6.302;26;25;1.994;4.283;0,39 %;0,41 %;31,47 %;67,60 %;99,87 %;-8
19;HUILA;47;LA ARGENTINA (PLATA VIEJA);LA ARGENTINA (PLATA VIEJA);13.480;96,25 %;2.156;TRUE;FALSE;626;22;38;6.186;6.788;2;6.487;38;38;341;0;96,25 %;12.974;7.912;60,98 %;7.828;68;134;2.769;4.925;1,69 %;0,86 %;35,00 %;62,25 %;99,80 %;-16
5;BOLIVAR;73;SAN FERNANDO;SAN FERNANDO;13.489;75,98 %;507;TRUE;FALSE;388;35;35;4.755;5.494;13;788;35;35;293;0;75,98 %;10.249;4.812;46,95 %;4.788;15;23;2.129;2.636;0,48 %;0,31 %;44,24 %;54,78 %;99,81 %;-9
44;CAQUETA;20;SAN JOSE DEL FRAGUA;SAN JOSE DEL FRAGUA;13.525;79,90 %;449;TRUE;FALSE;598;23;34;5.205;5.602;6;1.801;34;34;318;0;79,90 %;10.807;6.424;59,44 %;6.311;98;140;2.861;3.310;2,18 %;1,53 %;44,54 %;51,53 %;99,77 %;-15
7;BOYACA;49;COMBITA;COMBITA;13.544;73,97 %;1.065;TRUE;FALSE;149;91;30;4.941;5.077;4;2.505;30;30;334;0;73,97 %;10.018;7.023;70,10 %;6.929;88;118;2.873;3.938;1,68 %;1,25 %;40,91 %;56,07 %;99,91 %;-6
29;TOLIMA;109;SAN LUIS;SAN LUIS;13.550;90,47 %;4.258;TRUE;TRUE;425;32;42;5.927;6.332;11;1.114;42;42;292;0;90,47 %;12.259;8.267;67,44 %;8.206;50;60;1.944;6.202;0,73 %;0,60 %;23,52 %;75,02 %;99,87 %;-11
7;BOYACA;253;SANTA ROSA DE VITERBO;SANTA ROSA DE VITERBO;13.588;65,99 %;2.056;TRUE;FALSE;107;127;27;4.659;4.308;3;2.989;27;27;332;0;65,99 %;8.967;6.766;75,45 %;6.704;53;100;2.274;4.330;1,48 %;0,78 %;33,61 %;64,00 %;99,87 %;-9
15;CUNDINAMARCA;4;AGUA DE DIOS;AGUA DE DIOS;13.592;72,54 %;468;TRUE;FALSE;84;162;28;5.067;4.792;2;4.930;28;28;352;0;72,54 %;9.859;6.470;65,63 %;6.394;71;78;2.924;3.392;1,21 %;1,10 %;45,19 %;52,43 %;99,92 %;-5
27;SANTANDER;58;CURITI;CURITI;13.632;79,11 %;4.270;TRUE;TRUE;238;57;37;5.370;5.414;9;1.198;37;37;291;0;79,11 %;10.784;8.312;77,08 %;8.253;49;107;1.938;6.208;1,29 %;0,59 %;23,32 %;74,69 %;99,88 %;-10
5;BOLIVAR;110;TALAIGUA NUEVO;TALAIGUA NUEVO;13.650;77,61 %;1.098;TRUE;FALSE;261;52;34;5.112;5.482;11;963;34;34;312;0;77,61 %;10.594;6.157;58,12 %;6.142;9;42;2.501;3.599;0,68 %;0,15 %;40,62 %;58,45 %;99,90 %;-6
7;BOYACA;307;TIBASOSA;TIBASOSA;13.663;75,64 %;119;TRUE;FALSE;94;145;30;5.174;5.161;1;10.335;30;30;345;0;75,64 %;10.335;7.661;74,13 %;7.574;82;103;3.676;3.795;1,34 %;1,07 %;47,98 %;49,54 %;99,93 %;-5
3;ATLANTICO;61;USIACURI;USIACURI;13.690;66,54 %;-2.290;FALSE;FALSE;103;133;26;4.484;4.626;1;9.110;26;26;350;0;66,54 %;9.110;5.960;65,42 %;5.918;32;30;4.089;1.799;0,50 %;0,54 %;68,61 %;30,18 %;99,83 %;-10
46;CASANARE;865;TRINIDAD;TRINIDAD;13.738;72,28 %;4.241;TRUE;TRUE;2.947;5;34;4.712;5.218;12;828;34;34;292;0;72,28 %;9.930;6.712;67,59 %;6.641;53;68;1.166;5.407;1,01 %;0,79 %;17,37 %;80,56 %;99,73 %;-18
1;ANTIOQUIA;232;SAN LUIS;SAN LUIS;13.743;89,95 %;4.462;TRUE;TRUE;425;32;38;5.978;6.384;8;1.545;38;38;325;0;89,95 %;12.362;7.420;60,02 %;7.371;34;101;1.404;5.866;1,36 %;0,46 %;18,92 %;79,06 %;99,80 %;-15
23;NARIÑO;25;CONSACA;CONSACA;13.766;65,75 %;-2.167;FALSE;FALSE;132;104;35;4.653;4.398;20;453;35;35;259;0;65,75 %;9.051;6.558;72,46 %;6.495;55;70;4.296;2.129;1,07 %;0,84 %;65,51 %;32,46 %;99,88 %;-8
17;CHOCO;16;EL CARMEN;EL CARMEN;13.819;52,56 %;719;TRUE;FALSE;1.723;8;23;3.652;3.611;5;1.453;23;23;316;0;52,56 %;7.263;4.432;61,02 %;4.377;46;60;1.799;2.518;1,35 %;1,04 %;40,59 %;56,81 %;99,80 %;-9
23;NARIÑO;46;EL TAMBO;EL TAMBO;13.837;86,41 %;-1.505;FALSE;FALSE;282;49;36;6.016;5.941;5;2.391;36;36;332;0;86,41 %;11.957;8.990;75,19 %;8.847;123;120;5.116;3.611;1,33 %;1,37 %;56,91 %;40,17 %;99,78 %;-20
15;CUNDINAMARCA;334;YACOPI;YACOPI;13.857;78,15 %;4.220;TRUE;TRUE;1.095;13;37;4.820;6.009;14;774;37;37;293;0;78,15 %;10.829;6.278;57,97 %;6.231;35;51;980;5.200;0,81 %;0,56 %;15,61 %;82,83 %;99,81 %;-12
9;CALDAS;61;MARQUETALIA;MARQUETALIA;13.859;88,95 %;3.982;TRUE;TRUE;163;85;37;5.812;6.515;4;3.082;37;37;333;0;88,95 %;12.327;7.099;57,59 %;6.981;89;123;1.438;5.420;1,73 %;1,25 %;20,26 %;76,35 %;99,59 %;-29
15;CUNDINAMARCA;238;SESQUILE;SESQUILE;13.946;70,16 %;41;TRUE;FALSE;141;99;29;4.869;4.915;2;4.892;29;29;337;0;70,16 %;9.784;7.544;77,11 %;7.398;133;155;3.601;3.642;2,05 %;1,76 %;47,73 %;48,28 %;99,83 %;-13
21;MAGDALENA;85;TENERIFE;TENERIFE;13.971;87,55 %;-1.083;FALSE;FALSE;481;29;40;5.703;6.528;9;1.359;40;40;306;0;87,55 %;12.231;6.557;53,61 %;6.527;19;62;3.774;2.691;0,95 %;0,29 %;57,56 %;41,04 %;99,83 %;-11
13;CORDOBA;52;SAN JOSE DE URE;SAN JOSE DE URE;14.112;61,78 %;-3.218;FALSE;FALSE;516;27;30;4.161;4.558;11;793;30;30;291;0;61,78 %;8.719;5.173;59,33 %;5.152;16;44;4.163;945;0,85 %;0,31 %;80,48 %;18,27 %;99,90 %;-5
15;CUNDINAMARCA;79;FOMEQUE;FOMEQUE;14.121;70,39 %;4.672;TRUE;TRUE;556;25;30;4.762;5.178;4;2.485;30;30;331;0;70,39 %;9.940;7.476;75,21 %;7.435;33;93;1.335;6.007;1,24 %;0,44 %;17,86 %;80,35 %;99,89 %;-8
7;BOYACA;226;SABOYA;SABOYA;14.122;74,45 %;2.969;TRUE;FALSE;246;57;35;5.062;5.452;8;1.314;35;35;300;0;74,45 %;10.514;7.483;71,17 %;7.387;89;120;2.149;5.118;1,60 %;1,19 %;28,72 %;68,40 %;99,91 %;-7
15;CUNDINAMARCA;220;SAN ANTONIO DEL TEQUENDAMA;SAN ANTONIO DEL TEQUENDAMA;14.149;67,38 %;1.657;TRUE;FALSE;82;173;28;4.700;4.833;2;4.767;28;28;340;0;67,38 %;9.533;6.827;71,61 %;6.778;46;81;2.520;4.177;1,19 %;0,67 %;36,91 %;61,18 %;99,96 %;-3
23;NARIÑO;47;FRANCISCO PIZARRO (SALAHONDA);FRANCISCO PIZARRO (SALAHONDA);14.187;49,70 %;-3.889;FALSE;FALSE;956;15;26;3.437;3.614;10;705;26;26;271;0;49,70 %;7.051;4.179;59,27 %;4.153;22;24;4.009;120;0,57 %;0,53 %;95,93 %;2,87 %;99,90 %;-4
19;HUILA;58;PITAL;PITAL;14.260;74,33 %;3.208;TRUE;TRUE;203;70;31;5.086;5.514;3;3.533;31;31;342;0;74,33 %;10.600;7.026;66,28 %;6.967;50;101;1.829;5.037;1,44 %;0,71 %;26,03 %;71,69 %;99,87 %;-9
23;NARIÑO;43;EL TABLON;EL TABLON;14.290;86,13 %;-2.312;FALSE;FALSE;255;56;37;5.982;6.326;6;2.051;37;37;333;0;86,13 %;12.308;8.324;67,63 %;8.255;52;115;5.226;2.914;1,38 %;0,62 %;62,78 %;35,01 %;99,80 %;-17
15;CUNDINAMARCA;34;CAPARRAPI;CAPARRAPI;14.327;74,95 %;4.587;TRUE;TRUE;616;23;35;4.818;5.920;12;895;35;35;307;0;74,95 %;10.738;6.559;61,08 %;6.511;36;66;929;5.516;1,01 %;0,55 %;14,16 %;84,10 %;99,82 %;-12
1;ANTIOQUIA;160;JERICO;JERICO;14.354;79,96 %;3.997;TRUE;TRUE;179;80;34;5.732;5.746;3;3.826;34;34;338;0;79,96 %;11.478;7.494;65,29 %;7.401;75;130;1.637;5.634;1,73 %;1,00 %;21,84 %;75,18 %;99,76 %;-18
27;SANTANDER;74;EL PLAYON;EL PLAYON;14.404;92,32 %;4.705;TRUE;TRUE;467;31;44;6.137;7.161;13;1.023;44;44;302;0;92,32 %;13.298;8.246;62,01 %;8.145;91;90;1.675;6.380;1,09 %;1,10 %;20,31 %;77,37 %;99,88 %;-10
17;CHOCO;4;ACANDI;ACANDI;14.493;75,41 %;-17;FALSE;FALSE;1.551;9;36;5.388;5.541;10;1.093;36;36;304;0;75,41 %;10.929;5.198;47,56 %;5.153;28;62;2.554;2.537;1,19 %;0,54 %;49,13 %;48,81 %;99,67 %;-17
11;CAUCA;85;SOTARA (PAISPAMBA);SOTARA (PAISPAMBA);14.555;52,70 %;-2.105;FALSE;FALSE;517;28;29;3.796;3.874;14;548;29;29;264;0;52,70 %;7.670;5.319;69,35 %;5.250;59;89;3.633;1.528;1,67 %;1,11 %;68,30 %;28,73 %;99,81 %;-10
29;TOLIMA;105;SALDAÑA;SALDAÑA;14.580;89,21 %;2.266;TRUE;FALSE;214;68;38;6.426;6.581;5;2.601;38;38;342;0;89,21 %;13.007;8.324;64,00 %;8.236;73;108;2.931;5.197;1,30 %;0,88 %;35,21 %;62,43 %;99,82 %;-15
31;VALLE;4;ALCALA;ALCALA;14.581;86,44 %;605;TRUE;FALSE;64;228;38;6.162;6.442;5;2.521;38;38;332;0;86,44 %;12.604;7.123;56,51 %;6.978;119;109;3.132;3.737;1,53 %;1,67 %;43,97 %;52,46 %;99,63 %;-26
54;GUAVIARE;7;EL RETORNO;EL RETORNO;14.610;68,80 %;1.667;TRUE;FALSE;11.618;1;33;4.170;5.881;8;1.256;33;33;305;0;68,80 %;10.051;5.564;55,36 %;5.454;97;115;1.836;3.503;2,07 %;1,74 %;33,00 %;62,96 %;99,77 %;-13
31;VALLE;100;TORO;TORO;14.674;87,34 %;2.554;TRUE;FALSE;166;88;43;6.490;6.326;12;1.068;43;43;298;0;87,34 %;12.816;6.933;54,10 %;6.827;94;97;2.088;4.642;1,40 %;1,36 %;30,12 %;66,96 %;99,83 %;-12
28;SUCRE;190;SAN JUAN DE BETULIA (BETULIA);SAN JUAN DE BETULIA (BETULIA);14.675;83,71 %;-1.433;FALSE;FALSE;199;74;39;6.004;6.280;7;1.755;39;39;315;0;83,71 %;12.284;8.520;69,36 %;8.494;21;77;4.925;3.492;0,90 %;0,25 %;57,81 %;40,99 %;99,94 %;-5
1;ANTIOQUIA;286;VALDIVIA;VALDIVIA;14.769;85,27 %;-211;FALSE;FALSE;545;27;37;5.926;6.668;3;4.198;37;37;340;0;85,27 %;12.594;4.742;37,65 %;4.657;57;80;2.394;2.183;1,69 %;1,20 %;50,49 %;46,04 %;99,41 %;-28
29;TOLIMA;82;NATAGAIMA;NATAGAIMA;14.780;100,45 %;-1.034;FALSE;FALSE;860;17;45;7.052;7.795;8;1.856;45;45;330;0;100,45 %;14.847;8.786;59,18 %;8.706;62;62;4.839;3.805;0,71 %;0,71 %;55,08 %;43,31 %;99,80 %;-18
52;META;40;GUAMAL;GUAMAL;14.807;94,03 %;4.253;TRUE;FALSE;785;19;40;6.774;7.149;3;4.641;40;40;348;0;94,03 %;13.923;10.624;76,31 %;10.452;164;143;3.028;7.281;1,35 %;1,54 %;28,50 %;68,53 %;99,92 %;-8
5;BOLIVAR;15;CICUCO;CICUCO;14.814;78,80 %;-1.118;FALSE;FALSE;103;144;36;5.668;6.005;6;1.946;36;36;324;0;78,80 %;11.673;6.210;53,20 %;6.179;23;35;3.631;2.513;0,56 %;0,37 %;58,47 %;40,47 %;99,87 %;-8
23;NARIÑO;124;SAN PABLO;SAN PABLO;14.823;80,27 %;-6.335;FALSE;FALSE;108;137;40;6.078;5.821;11;1.082;40;40;297;0;80,27 %;11.899;8.894;74,75 %;8.706;169;157;7.442;1.107;1,77 %;1,90 %;83,67 %;12,45 %;99,79 %;-19
48;LA GUAJIRA;8;DISTRACCION;DISTRACCION;14.987;77,30 %;-930;FALSE;FALSE;232;65;36;5.468;6.117;7;1.655;36;36;322;0;77,30 %;11.585;6.149;53,08 %;6.113;30;61;3.491;2.561;0,99 %;0,49 %;56,77 %;41,65 %;99,90 %;-6
1;ANTIOQUIA;187;MUTATA;MUTATA;15.069;109,31 %;-1.450;FALSE;FALSE;1.106;14;48;7.987;8.485;5;3.294;48;48;343;0;109,31 %;16.472;7.353;44,64 %;7.283;48;75;4.329;2.879;1,02 %;0,65 %;58,87 %;39,15 %;99,70 %;-22
1;ANTIOQUIA;168;PUERTO NARE-LA MAGDALENA;PUERTO NARE-LA MAGDALENA;15.123;81,06 %;3;TRUE;FALSE;660;23;38;5.905;6.353;6;2.043;38;38;323;0;81,06 %;12.258;6.750;55,07 %;6.680;57;79;3.299;3.302;1,17 %;0,84 %;48,87 %;48,92 %;99,81 %;-13
44;CAQUETA;7;LA MONTAÑITA;LA MONTAÑITA;15.167;82,90 %;-2.342;FALSE;FALSE;1.484;10;38;5.639;6.935;5;2.515;38;38;331;0;82,90 %;12.574;8.206;65,26 %;8.090;93;170;5.131;2.789;2,07 %;1,13 %;62,53 %;33,99 %;99,72 %;-23
27;SANTANDER;124;LOS SANTOS;LOS SANTOS;15.175;70,67 %;4.869;TRUE;TRUE;242;63;33;5.152;5.572;6;1.787;33;33;325;0;70,67 %;10.724;8.062;75,18 %;7.985;62;120;1.498;6.367;1,49 %;0,77 %;18,58 %;78,98 %;99,81 %;-15
25;NORTE DE SAN;37;EL CARMEN;EL CARMEN;15.178;75,17 %;1.903;TRUE;FALSE;1.723;9;45;5.131;6.278;24;475;45;45;254;0;75,17 %;11.409;6.364;55,78 %;6.314;40;53;2.179;4.082;0,83 %;0,63 %;34,24 %;64,14 %;99,84 %;-10
27;SANTANDER;166;PUENTE NACIONAL;PUENTE NACIONAL;15.231;86,83 %;2.901;TRUE;FALSE;248;61;44;6.448;6.777;15;882;44;44;301;0;86,83 %;13.225;9.047;68,41 %;8.959;77;112;2.973;5.874;1,24 %;0,85 %;32,86 %;64,93 %;99,88 %;-11
15;CUNDINAMARCA;331;VIOTA;VIOTA;15.306;79,45 %;1.656;TRUE;FALSE;208;74;37;5.782;6.379;6;2.027;37;37;329;0;79,45 %;12.161;7.839;64,46 %;7.772;54;74;3.021;4.677;0,94 %;0,69 %;38,54 %;59,66 %;99,83 %;-13
23;NARIÑO;38;CHACHAGUI;CHACHAGUI;15.334;75,94 %;-4.513;FALSE;FALSE;148;104;37;5.887;5.758;9;1.294;37;37;315;0;75,94 %;11.645;8.995;77,24 %;8.925;55;80;6.679;2.166;0,89 %;0,61 %;74,25 %;24,08 %;99,83 %;-15
5;BOLIVAR;82;SAN MARTIN DE LOBA;SAN MARTIN DE LOBA;15.427;84,95 %;131;TRUE;FALSE;442;35;40;6.083;7.023;7;1.872;40;40;328;0;84,95 %;13.106;6.829;52,11 %;6.794;27;33;3.315;3.446;0,48 %;0,40 %;48,54 %;50,46 %;99,88 %;-8
5;BOLIVAR;91;SANTA CATALINA;SANTA CATALINA;15.480;92,55 %;-3.818;FALSE;FALSE;153;101;43;7.060;7.267;6;2.388;43;43;333;0;92,55 %;14.327;7.619;53,18 %;7.593;12;61;5.675;1.857;0,80 %;0,16 %;74,48 %;24,37 %;99,82 %;-14
15;CUNDINAMARCA;244;SIMIJACA;SIMIJACA;15.509;66,33 %;2.758;TRUE;FALSE;107;145;31;5.247;5.040;3;3.429;31;31;332;0;66,33 %;10.287;7.393;71,87 %;7.307;77;123;2.213;4.971;1,66 %;1,04 %;29,93 %;67,24 %;99,88 %;-9
23;NARIÑO;31;CORDOBA;CORDOBA;15.509;73,69 %;-5.596;FALSE;FALSE;98;158;35;5.883;5.546;6;1.905;35;35;327;0;73,69 %;11.429;8.196;71,71 %;8.154;34;76;6.837;1.241;0,93 %;0,41 %;83,42 %;15,14 %;99,90 %;-8
1;ANTIOQUIA;157;JARDIN;JARDIN;15.531;86,15 %;3.884;TRUE;FALSE;224;69;39;6.626;6.754;3;4.460;39;39;343;0;86,15 %;13.380;9.336;69,78 %;9.274;42;202;2.594;6.478;2,16 %;0,45 %;27,78 %;69,39 %;99,79 %;-20
1;ANTIOQUIA;94;COCORNA;COCORNA;15.534;95,29 %;6.575;TRUE;TRUE;210;74;46;7.266;7.536;8;1.850;46;46;322;0;95,29 %;14.802;9.522;64,33 %;9.396;64;101;1.360;7.935;1,06 %;0,67 %;14,28 %;83,33 %;99,35 %;-62
13;CORDOBA;20;LA APARTADA (FRONTERA);LA APARTADA (FRONTERA);15.543;84,08 %;-3.608;FALSE;FALSE;240;65;39;6.318;6.751;5;2.614;39;39;335;0;84,08 %;13.069;7.490;57,31 %;7.428;43;78;5.479;1.871;1,04 %;0,57 %;73,15 %;24,98 %;99,75 %;-19
28;SUCRE;120;PALMITO;PALMITO;15.572;86,36 %;-2.678;FALSE;FALSE;176;88;43;6.444;7.004;10;1.345;43;43;313;0;86,36 %;13.448;9.131;67,90 %;9.083;32;67;5.847;3.169;0,73 %;0,35 %;64,03 %;34,71 %;99,82 %;-16
31;VALLE;85;RESTREPO;RESTREPO;15.607;104,39 %;-43;FALSE;FALSE;237;66;53;8.043;8.249;14;1.164;53;53;307;0;104,39 %;16.292;9.203;56,49 %;9.077;107;116;4.502;4.459;1,26 %;1,16 %;48,92 %;48,45 %;99,79 %;-19
15;CUNDINAMARCA;112;GUACHETA;GUACHETA;15.706;60,98 %;3.080;TRUE;TRUE;177;89;28;4.704;4.873;2;4.789;28;28;342;0;60,98 %;9.577;6.689;69,84 %;6.566;108;162;1.662;4.742;2,42 %;1,61 %;24,85 %;70,89 %;99,78 %;-15
24;RISARALDA;94;SANTUARIO;SANTUARIO;15.715;75,14 %;2.496;TRUE;FALSE;226;70;37;5.496;6.313;6;1.968;37;37;319;0;75,14 %;11.809;6.127;51,88 %;5.999;91;121;1.691;4.187;1,97 %;1,49 %;27,60 %;68,34 %;99,40 %;-37
5;BOLIVAR;10;BARRANCO DE LOBA;BARRANCO DE LOBA;15.721;83,21 %;1.438;TRUE;FALSE;416;38;40;6.016;7.065;7;1.869;40;40;327;0;83,21 %;13.081;6.549;50,06 %;6.524;15;50;2.518;3.956;0,76 %;0,23 %;38,45 %;60,41 %;99,85 %;-10
9;CALDAS;79;PACORA;PACORA;15.743;76,10 %;4.422;TRUE;TRUE;265;59;40;5.795;6.186;9;1.331;40;40;300;0;76,10 %;11.981;7.413;61,87 %;7.261;115;151;1.344;5.766;2,04 %;1,55 %;18,13 %;77,78 %;99,50 %;-37
13;CORDOBA;9;CANALETE;CANALETE;15.766;117,11 %;-1.953;FALSE;FALSE;394;40;59;8.598;9.866;13;1.420;59;59;313;0;117,11 %;18.464;10.389;56,27 %;10.342;26;57;6.119;4.166;0,55 %;0,25 %;58,90 %;40,10 %;99,80 %;-21
31;VALLE;88;RIOFRIO;RIOFRIO;15.769;101,42 %;543;TRUE;FALSE;280;56;49;7.741;8.252;9;1.777;49;49;326;0;101,42 %;15.993;9.121;57,03 %;9.018;87;125;4.175;4.718;1,37 %;0,95 %;45,77 %;51,73 %;99,82 %;-16
15;CUNDINAMARCA;218;RICAURTE;RICAURTE;15.849;84,64 %;2.027;TRUE;FALSE;1.211;13;40;6.622;6.793;3;4.472;40;40;335;0;84,64 %;13.415;8.858;66,03 %;8.781;73;104;3.325;5.352;1,17 %;0,82 %;37,54 %;60,42 %;99,95 %;-4
7;BOYACA;8;AQUITANIA (PUEBLOVIEJO);AQUITANIA (PUEBLOVIEJO);15.852;81,62 %;5.293;TRUE;TRUE;828;19;45;6.342;6.597;14;924;45;45;288;0;81,62 %;12.939;8.977;69,38 %;8.896;62;83;1.760;7.053;0,92 %;0,69 %;19,61 %;78,57 %;99,79 %;-19
5;BOLIVAR;18;CLEMENCIA;CLEMENCIA;16.006;82,56 %;-2.109;FALSE;FALSE;95;168;39;6.525;6.689;3;4.405;39;39;339;0;82,56 %;13.214;7.295;55,21 %;7.238;37;69;4.639;2.530;0,95 %;0,51 %;63,59 %;34,68 %;99,73 %;-20
31;VALLE;16;BOLIVAR;BOLIVAR;16.025;82,58 %;1.879;TRUE;FALSE;602;27;47;6.411;6.823;15;882;47;47;282;0;82,58 %;13.234;7.936;59,97 %;7.846;73;99;2.934;4.813;1,25 %;0,92 %;36,97 %;60,65 %;99,79 %;-17
15;CUNDINAMARCA;175;NEMOCON;NEMOCON;16.027;73,17 %;363;TRUE;FALSE;194;83;34;5.858;5.869;3;3.909;34;34;345;0;73,17 %;11.727;9.029;76,99 %;8.866;157;135;4.184;4.547;1,50 %;1,74 %;46,34 %;50,36 %;99,93 %;-6
17;CHOCO;26;MEDIO BAUDO (PUERTO MELUK);MEDIO BAUDO (PUERTO MELUK);16.056;61,04 %;-4.071;FALSE;FALSE;4.840;3;37;4.783;5.018;18;545;37;37;265;0;61,04 %;9.801;4.633;47,27 %;4.614;14;15;4.335;264;0,32 %;0,30 %;93,57 %;5,70 %;99,89 %;-5
15;CUNDINAMARCA;13;ANOLAIMA;ANOLAIMA;16.077;75,95 %;3.333;TRUE;FALSE;119;135;36;5.791;6.419;4;3.053;36;36;339;0;75,95 %;12.210;8.282;67,83 %;8.208;65;135;2.370;5.703;1,63 %;0,78 %;28,62 %;68,86 %;99,89 %;-9
9;CALDAS;82;PALESTINA;PALESTINA;16.109;92,46 %;1.509;TRUE;FALSE;220;73;44;7.000;7.895;4;3.724;44;44;339;0;92,46 %;14.895;8.488;56,99 %;8.309;160;126;3.337;4.846;1,48 %;1,89 %;39,31 %;57,09 %;99,78 %;-19
64;PUTUMAYO;19;SIBUNDOY;SIBUNDOY;16.116;70,48 %;-4.428;FALSE;FALSE;64;252;33;5.937;5.421;1;11.358;33;33;344;0;70,48 %;11.358;8.327;73,31 %;8.273;43;93;6.304;1.876;1,12 %;0,52 %;75,71 %;22,53 %;99,87 %;-11
1;ANTIOQUIA;265;SOPETRAN;SOPETRAN;16.245;84,70 %;3.373;TRUE;FALSE;223;73;43;6.740;7.019;7;1.966;43;43;320;0;84,70 %;13.759;8.301;60,33 %;8.217;63;126;2.359;5.732;1,52 %;0,76 %;28,42 %;69,05 %;99,75 %;-21
52;META;10;CASTILLA LA NUEVA;CASTILLA LA NUEVA;16.285;82,54 %;2.177;TRUE;FALSE;503;32;40;6.353;7.089;4;3.361;40;40;336;0;82,54 %;13.442;10.262;76,34 %;10.017;242;170;3.835;6.012;1,66 %;2,36 %;37,37 %;58,59 %;99,97 %;-3
1;ANTIOQUIA;76;CAÑASGORDAS;CAÑASGORDAS;16.287;91,78 %;5.356;TRUE;TRUE;391;42;43;7.048;7.900;6;2.491;43;43;348;0;91,78 %;14.948;8.511;56,94 %;8.437;49;115;1.483;6.839;1,35 %;0,58 %;17,42 %;80,35 %;99,71 %;-25
28;SUCRE;80;MORROA;MORROA;16.402;96,06 %;-2.990;FALSE;FALSE;161;102;50;7.667;8.089;12;1.313;50;50;315;0;96,06 %;15.756;10.479;66,51 %;10.416;52;80;6.663;3.673;0,76 %;0,50 %;63,58 %;35,05 %;99,90 %;-11
1;ANTIOQUIA;238;SAN RAFAEL;SAN RAFAEL;16.404;84,11 %;4.322;TRUE;TRUE;362;45;41;6.676;7.122;4;3.450;41;41;337;0;84,11 %;13.798;8.260;59,86 %;8.159;71;147;1.845;6.167;1,78 %;0,86 %;22,34 %;74,66 %;99,64 %;-30
7;BOYACA;337;VENTAQUEMADA;VENTAQUEMADA;16.413;72,96 %;2.063;TRUE;FALSE;159;103;35;5.978;5.997;2;5.988;35;35;342;0;72,96 %;11.975;8.216;68,61 %;8.117;87;118;2.968;5.031;1,44 %;1,06 %;36,12 %;61,23 %;99,85 %;-12
31;VALLE;118;YOTOCO;YOTOCO;16.518;94,85 %;-2.306;FALSE;FALSE;321;51;51;7.927;7.740;13;1.205;51;51;307;0;94,85 %;15.667;9.545;60,92 %;9.434;92;124;5.808;3.502;1,30 %;0,96 %;60,85 %;36,69 %;99,80 %;-19
1;ANTIOQUIA;226;SAN CARLOS;SAN CARLOS;16.559;94,41 %;5.215;TRUE;TRUE;505;33;48;7.439;8.194;6;2.606;48;48;326;0;94,41 %;15.633;9.304;59,52 %;9.235;44;146;1.937;7.152;1,57 %;0,47 %;20,82 %;76,87 %;99,73 %;-25
28;SUCRE;20;CAIMITO;CAIMITO;16.577;63,42 %;-2.427;FALSE;FALSE;407;41;37;4.978;5.535;13;809;37;37;284;0;63,42 %;10.513;6.855;65,20 %;6.826;17;47;4.603;2.176;0,69 %;0,25 %;67,15 %;31,74 %;99,82 %;-12
1;ANTIOQUIA;55;BETULIA;BETULIA;16.648;82,96 %;4.749;TRUE;TRUE;324;51;42;6.488;7.323;6;2.302;42;42;329;0;82,96 %;13.811;6.637;48,06 %;6.579;36;114;858;5.607;1,72 %;0,54 %;12,93 %;84,48 %;99,67 %;-22
12;CESAR;450;GAMARRA;GAMARRA;16.650;69,19 %;1.982;TRUE;FALSE;320;52;38;5.561;5.959;9;1.280;38;38;303;0;69,19 %;11.520;7.043;61,14 %;7.010;23;54;2.487;4.469;0,77 %;0,33 %;35,31 %;63,45 %;99,86 %;-10
64;PUTUMAYO;26;PUERTO CAICEDO;PUERTO CAICEDO;16.669;64,83 %;-4.471;FALSE;FALSE;864;19;34;5.123;5.683;7;1.544;34;34;318;0;64,83 %;10.806;7.414;68,61 %;7.257;130;158;5.785;1.314;2,13 %;1,75 %;78,03 %;17,72 %;99,64 %;-27
25;NORTE DE SAN;94;TOLEDO;TOLEDO;16.710;78,95 %;6.310;TRUE;TRUE;1.578;11;43;6.237;6.955;11;1.199;43;43;307;0;78,95 %;13.192;8.608;65,25 %;8.542;51;124;1.054;7.364;1,44 %;0,59 %;12,24 %;85,55 %;99,83 %;-15
7;BOYACA;166;NOBSA;NOBSA;16.773;81,92 %;-2.657;FALSE;FALSE;53;316;40;7.183;6.558;2;6.871;40;40;344;0;81,92 %;13.741;10.822;78,76 %;10.750;69;125;6.641;3.984;1,16 %;0,64 %;61,37 %;36,81 %;99,97 %;-3
1;ANTIOQUIA;229;SAN JERONIMO;SAN JERONIMO;16.778;82,57 %;4.290;TRUE;TRUE;155;108;42;6.721;7.133;5;2.771;42;42;330;0;82,57 %;13.854;8.311;59,99 %;8.203;85;149;1.882;6.172;1,79 %;1,02 %;22,64 %;74,26 %;99,72 %;-23
31;VALLE;67;LA CUMBRE;LA CUMBRE;16.836;85,08 %;-901;FALSE;FALSE;235;72;45;6.966;7.358;10;1.432;45;45;318;0;85,08 %;14.324;8.938;62,40 %;8.857;66;112;4.823;3.922;1,25 %;0,74 %;53,96 %;43,88 %;99,83 %;-15
24;RISARALDA;70;PUEBLO RICO;PUEBLO RICO;16.910;72,19 %;-3.237;FALSE;FALSE;1.020;17;37;5.913;6.295;7;1.744;37;37;330;0;72,19 %;12.208;7.518;61,58 %;7.436;53;67;5.303;2.066;0,89 %;0,70 %;70,54 %;27,48 %;99,61 %;-29
19;HUILA;10;AIPE;AIPE;16.945;96,34 %;2.553;TRUE;FALSE;802;21;50;8.012;8.312;6;2.721;50;50;326;0;96,34 %;16.324;10.389;63,64 %;10.278;92;137;3.794;6.347;1,32 %;0,89 %;36,52 %;61,09 %;99,82 %;-19
1;ANTIOQUIA;268;TAMESIS;TAMESIS;16.967;89,29 %;3.590;TRUE;FALSE;245;69;45;7.395;7.754;4;3.787;45;45;337;0;89,29 %;15.149;9.377;61,90 %;9.266;76;170;2.753;6.343;1,81 %;0,81 %;29,36 %;67,64 %;99,63 %;-35
12;CESAR;900;TAMALAMEQUE;TAMALAMEQUE;16.991;67,39 %;-140;FALSE;FALSE;511;33;37;5.630;5.820;10;1.145;37;37;309;0;67,39 %;11.450;6.267;54,73 %;6.231;29;39;3.166;3.026;0,62 %;0,46 %;50,52 %;48,28 %;99,89 %;-7
17;CHOCO;31;NUQUI;NUQUI;17.038;42,11 %;-2.887;FALSE;FALSE;956;18;24;3.427;3.748;8;897;24;24;299;0;42,11 %;7.175;3.658;50,98 %;3.627;29;14;3.250;363;0,38 %;0,79 %;88,85 %;9,92 %;99,95 %;-2
5;BOLIVAR;16;CORDOBA;CORDOBA;17.060;91,15 %;-1.472;FALSE;FALSE;98;174;49;7.101;8.449;10;1.555;49;49;317;0;91,15 %;15.550;8.889;57,16 %;8.858;19;68;5.131;3.659;0,76 %;0,21 %;57,72 %;41,16 %;99,87 %;-12
24;RISARALDA;54;MARSELLA;MARSELLA;17.183;91,21 %;1.428;TRUE;FALSE;57;301;48;7.477;8.195;10;1.567;48;48;327;0;91,21 %;15.672;8.958;57,16 %;8.803;122;153;3.611;5.039;1,71 %;1,36 %;40,31 %;56,25 %;99,63 %;-33
52;META;80;VISTA HERMOSA;VISTA HERMOSA;17.187;84,02 %;689;TRUE;FALSE;4.084;4;47;6.465;7.976;11;1.313;47;47;307;0;84,02 %;14.441;8.927;61,82 %;8.738;165;165;3.942;4.631;1,85 %;1,85 %;44,16 %;51,88 %;99,73 %;-24
23;NARIÑO;106;PUPIALES;PUPIALES;17.254;90,64 %;-2.485;FALSE;FALSE;135;128;46;8.077;7.562;3;5.213;46;46;340;0;90,64 %;15.639;11.223;71,76 %;11.069;135;138;6.708;4.223;1,23 %;1,20 %;59,77 %;37,63 %;99,83 %;-19
21;MAGDALENA;60;SABANAS DE SAN ANGEL;SABANAS DE SAN ANGEL;17.307;73,39 %;1.409;TRUE;FALSE;1.195;14;42;5.563;7.138;11;1.155;42;42;302;0;73,39 %;12.701;6.804;53,57 %;6.763;29;58;2.648;4.057;0,85 %;0,43 %;38,92 %;59,63 %;99,82 %;-12
7;BOYACA;139;VILLA DE LEIVA;VILLA DE LEIVA;17.311;81,47 %;2.434;TRUE;FALSE;128;135;41;7.305;6.799;2;7.052;41;41;344;0;81,47 %;14.104;10.740;76,15 %;10.650;81;216;4.000;6.434;2,01 %;0,75 %;37,24 %;59,91 %;99,92 %;-9
21;MAGDALENA;8;ALGARROBO;ALGARROBO;17.370;64,23 %;-3.182;FALSE;FALSE;403;43;35;5.338;5.818;5;2.231;35;35;319;0;64,23 %;11.156;5.978;53,59 %;5.941;26;45;4.539;1.357;0,75 %;0,43 %;75,93 %;22,70 %;99,82 %;-11
31;VALLE;94;SAN PEDRO;SAN PEDRO;17.545;86,95 %;-1.760;FALSE;FALSE;240;73;53;7.554;7.701;15;1.017;53;53;288;0;86,95 %;15.255;9.282;60,85 %;9.190;81;110;5.420;3.660;1,19 %;0,87 %;58,39 %;39,43 %;99,88 %;-11
27;SANTANDER;71;EL CARMEN DE CHUCHRÍ;EL CARMEN;17.638;71,21 %;6.830;TRUE;TRUE;1.723;10;43;5.716;6.844;16;785;43;43;292;0;71,21 %;12.560;8.674;69,06 %;8.606;54;96;840;7.670;1,11 %;0,62 %;9,68 %;88,43 %;99,84 %;-14
31;VALLE;10;ANSERMANUEVO;ANSERMANUEVO;17.659;105,84 %;2.230;TRUE;FALSE;346;51;64;8.787;9.903;19;984;64;64;292;0;105,84 %;18.690;9.524;50,96 %;9.402;98;152;3.510;5.740;1,60 %;1,03 %;36,85 %;60,27 %;99,75 %;-24
15;CUNDINAMARCA;10;ANAPOIMA;ANAPOIMA;17.717;76,34 %;3.258;TRUE;FALSE;124;143;39;6.619;6.907;4;3.382;39;39;347;0;76,34 %;13.526;9.411;69,58 %;9.332;66;122;2.976;6.234;1,30 %;0,70 %;31,62 %;66,24 %;99,86 %;-13
24;RISARALDA;62;MISTRATO;MISTRATO;17.740;71,89 %;-1.700;FALSE;FALSE;483;37;40;6.162;6.592;5;2.551;40;40;319;0;71,89 %;12.754;8.099;63,50 %;7.970;100;104;4.783;3.083;1,28 %;1,23 %;59,06 %;38,07 %;99,64 %;-29
3;ATLANTICO;47;SANTA LUCIA;SANTA LUCIA;17.815;75,58 %;2.368;TRUE;FALSE;84;212;39;6.608;6.857;2;6.733;39;39;345;0;75,58 %;13.465;6.807;50,55 %;6.774;23;42;2.182;4.550;0,62 %;0,34 %;32,06 %;66,84 %;99,85 %;-10
46;CASANARE;520;MANI;MANI;17.839;67,58 %;3.385;TRUE;FALSE;3.860;5;40;5.616;6.440;11;1.096;40;40;301;0;67,58 %;12.056;8.170;67,77 %;8.083;76;116;2.291;5.676;1,42 %;0,93 %;28,04 %;69,47 %;99,87 %;-11
3;ATLANTICO;10;CANDELARIA;CANDELARIA;17.913;82,78 %;1.447;TRUE;FALSE;285;63;44;7.268;7.561;3;4.943;44;44;337;0;82,78 %;14.829;7.807;52,65 %;7.763;33;52;3.132;4.579;0,67 %;0,42 %;40,12 %;58,65 %;99,86 %;-11
23;NARIÑO;133;TAMINANGO;TAMINANGO;17.918;77,46 %;-7.051;FALSE;FALSE;245;73;44;6.932;6.948;8;1.735;44;44;315;0;77,46 %;13.880;10.602;76,38 %;10.500;49;95;8.728;1.677;0,90 %;0,46 %;82,32 %;15,82 %;99,50 %;-53
13;CORDOBA;34;PURISIMA;PURISIMA;17.962;81,78 %;1.254;TRUE;FALSE;132;136;45;7.149;7.540;5;2.938;45;45;326;0;81,78 %;14.689;8.912;60,67 %;8.856;37;70;3.766;5.020;0,79 %;0,42 %;42,26 %;56,33 %;99,79 %;-19
11;CAUCA;67;PURACE (COCONUCO);PURACE (COCONUCO);17.992;55,79 %;-3.353;FALSE;FALSE;707;25;31;5.119;4.919;5;2.008;31;31;324;0;55,79 %;10.038;6.954;69,28 %;6.873;55;72;5.077;1.724;1,04 %;0,79 %;73,01 %;24,79 %;99,63 %;-26
5;BOLIVAR;121;TURBANA;TURBANA;18.035;94,62 %;-5.212;FALSE;FALSE;148;122;50;8.251;8.814;5;3.413;50;50;341;0;94,62 %;17.065;10.644;62,37 %;10.613;22;71;7.877;2.665;0,67 %;0,21 %;74,00 %;25,04 %;99,92 %;-9
25;NORTE DE SAN;91;TEORAMA;TEORAMA;18.091;67,67 %;-5.012;FALSE;FALSE;852;21;40;5.564;6.679;10;1.224;40;40;306;0;67,67 %;12.243;7.176;58,61 %;7.109;56;89;6.016;1.004;1,24 %;0,78 %;83,84 %;13,99 %;99,85 %;-11
19;HUILA;79;TARQUI;TARQUI;18.153;72,62 %;4.253;TRUE;TRUE;308;59;41;6.497;6.686;6;2.197;41;41;322;0;72,62 %;13.183;8.789;66,67 %;8.729;52;134;2.171;6.424;1,52 %;0,59 %;24,70 %;73,09 %;99,91 %;-8
1;ANTIOQUIA;235;SAN PEDRO;SAN PEDRO;18.196;132,06 %;8.782;TRUE;TRUE;240;76;71;11.865;12.164;9;2.670;71;71;338;0;132,06 %;24.029;15.937;66,32 %;15.725;190;399;3.272;12.054;2,50 %;1,19 %;20,53 %;75,64 %;99,86 %;-22
5;BOLIVAR;41;MONTECRISTO;MONTECRISTO;18.234;59,27 %;-473;FALSE;FALSE;2.079;9;37;4.545;6.262;15;720;37;37;292;0;59,27 %;10.807;4.732;43,79 %;4.703;18;60;2.558;2.085;1,27 %;0,38 %;54,06 %;44,06 %;99,77 %;-11
9;CALDAS;55;MANZANARES;MANZANARES;18.280;84,18 %;4.781;TRUE;TRUE;244;75;48;7.294;8.094;8;1.924;48;48;321;0;84,18 %;15.388;8.693;56,49 %;8.549;122;170;1.799;6.580;1,96 %;1,40 %;20,69 %;75,69 %;99,75 %;-22
13;CORDOBA;16;CHIMA;CHIMA;18.287;74,77 %;-719;FALSE;FALSE;152;120;43;6.521;7.152;9;1.519;43;43;318;0;74,77 %;13.673;8.764;64,10 %;8.737;21;46;4.705;3.986;0,52 %;0,24 %;53,69 %;45,48 %;99,93 %;-6
15;CUNDINAMARCA;289;TOCAIMA;TOCAIMA;18.320;71,20 %;2.254;TRUE;FALSE;246;74;38;6.397;6.647;3;4.348;38;38;343;0;71,20 %;13.044;7.837;60,08 %;7.763;68;95;2.707;4.961;1,21 %;0,87 %;34,54 %;63,30 %;99,92 %;-6
17;CHOCO;43;TADO;TADO;18.335;79,80 %;-4.477;FALSE;FALSE;878;21;49;7.574;7.057;13;1.125;49;49;299;0;79,80 %;14.631;7.854;53,68 %;7.608;216;81;6.002;1.525;1,03 %;2,75 %;76,42 %;19,42 %;99,62 %;-30
15;CUNDINAMARCA;202;PUERTO SALGAR;PUERTO SALGAR;18.387;72,57 %;1.079;TRUE;FALSE;521;35;40;6.554;6.790;5;2.669;40;40;334;0;72,57 %;13.344;7.970;59,73 %;7.857;103;94;3.342;4.421;1,18 %;1,29 %;41,93 %;55,47 %;99,87 %;-10
46;CASANARE;540;MONTERREY;MONTERREY;18.397;68,67 %;3.843;TRUE;FALSE;879;21;39;6.364;6.270;6;2.106;39;39;324;0;68,67 %;12.634;9.152;72,44 %;9.007;129;162;2.501;6.344;1,77 %;1,41 %;27,33 %;69,32 %;99,83 %;-16
23;NARIÑO;121;SAN LORENZO;SAN LORENZO;18.437;73,53 %;-2.528;FALSE;FALSE;267;69;41;6.447;7.110;9;1.506;41;41;331;0;73,53 %;13.557;9.786;72,18 %;9.556;204;144;5.970;3.442;1,47 %;2,08 %;61,01 %;35,17 %;99,73 %;-26
15;CUNDINAMARCA;256;SUBACHOQUE;SUBACHOQUE;18.466;72,22 %;4.191;TRUE;FALSE;212;87;40;6.647;6.690;4;3.334;40;40;333;0;72,22 %;13.337;10.332;77,47 %;10.202;127;203;2.904;7.095;1,96 %;1,23 %;28,11 %;68,67 %;99,97 %;-3
29;TOLIMA;22;CAJAMARCA;CAJAMARCA;18.578;91,96 %;2.393;TRUE;FALSE;800;23;51;7.982;9.103;5;3.417;51;51;335;0;91,96 %;17.085;10.069;58,93 %;9.894;162;137;3.682;6.075;1,36 %;1,61 %;36,57 %;60,33 %;99,87 %;-13
11;CAUCA;4;ALMAGUER;ALMAGUER;18.615;69,18 %;-8.622;FALSE;FALSE;320;58;43;6.295;6.582;12;1.073;43;43;299;0;69,18 %;12.877;9.758;75,78 %;9.622;109;174;9.035;413;1,78 %;1,12 %;92,59 %;4,23 %;99,72 %;-27
31;VALLE;40;CALIMA (DARIEN);CALIMA (DARIEN);18.628;83,68 %;-316;FALSE;FALSE;1.154;16;54;7.718;7.869;19;820;54;54;289;0;83,68 %;15.587;9.578;61,45 %;9.460;103;172;4.802;4.486;1,80 %;1,08 %;50,14 %;46,84 %;99,84 %;-15
12;CESAR;750;RIO DE ORO;RIO DE ORO;18.674;91,52 %;3.735;TRUE;FALSE;613;30;55;7.806;9.285;13;1.315;55;55;311;0;91,52 %;17.091;10.561;61,79 %;10.483;69;128;3.310;7.045;1,21 %;0,65 %;31,34 %;66,71 %;99,91 %;-9
15;CUNDINAMARCA;118;GUASCA;GUASCA;18.677;67,27 %;1.184;TRUE;FALSE;346;54;37;6.204;6.360;2;6.282;37;37;340;0;67,27 %;12.564;9.289;73,93 %;9.082;197;222;3.838;5.022;2,39 %;2,12 %;41,32 %;54,06 %;99,89 %;-10
23;NARIÑO;73;LA CRUZ;LA CRUZ;18.681;75,25 %;-4.257;FALSE;FALSE;237;79;46;7.107;6.950;10;1.406;46;46;306;0;75,25 %;14.057;10.520;74,84 %;10.397;106;134;7.260;3.003;1,27 %;1,01 %;69,01 %;28,55 %;99,84 %;-17
7;BOYACA;100;GARAGOA;GARAGOA;18.687;67,49 %;2.074;TRUE;FALSE;191;98;38;6.646;5.965;4;3.153;38;38;332;0;67,49 %;12.611;8.876;70,38 %;8.775;95;159;3.271;5.345;1,79 %;1,07 %;36,85 %;60,22 %;99,93 %;-6
19;HUILA;40;GUADALUPE;GUADALUPE;18.744;78,92 %;4.269;TRUE;TRUE;382;49;44;7.012;7.780;3;4.931;44;44;336;0;78,92 %;14.792;9.350;63,21 %;9.220;101;149;2.401;6.670;1,59 %;1,08 %;25,68 %;71,34 %;99,69 %;-29
29;TOLIMA;70;LERIDA;LERIDA;18.755;83,09 %;-988;FALSE;FALSE;281;67;47;7.909;7.674;5;3.117;47;47;332;0;83,09 %;15.583;9.598;61,59 %;9.455;130;85;5.179;4.191;0,89 %;1,35 %;53,96 %;43,67 %;99,86 %;-13
11;CAUCA;34;JAMBALO;JAMBALO;19.019;54,26 %;-8.566;FALSE;FALSE;254;75;33;5.100;5.220;8;1.290;33;33;313;0;54,26 %;10.320;9.071;87,90 %;9.019;39;53;8.766;200;0,58 %;0,43 %;96,64 %;2,20 %;99,86 %;-13
44;CAQUETA;6;EL PAUJIL;EL PAUJIL;19.065;60,79 %;-604;FALSE;FALSE;1.338;14;34;5.576;6.014;3;3.863;34;34;341;0;60,79 %;11.590;7.635;65,88 %;7.486;110;174;3.958;3.354;2,28 %;1,44 %;51,84 %;43,93 %;99,49 %;-39
52;META;50;RESTREPO;RESTREPO;19.099;96,92 %;4.475;TRUE;FALSE;237;81;53;9.038;9.473;1;18.511;53;53;349;0;96,92 %;18.511;12.721;68,72 %;12.641;72;182;3.992;8.467;1,43 %;0,57 %;31,38 %;66,56 %;99,94 %;-8
1;ANTIOQUIA;220;SALGAR;SALGAR;19.124;74,40 %;5.519;TRUE;TRUE;418;46;43;6.740;7.488;6;2.371;43;43;331;0;74,40 %;14.228;7.108;49,96 %;7.043;43;76;724;6.243;1,07 %;0,60 %;10,19 %;87,83 %;99,69 %;-22
7;BOYACA;235;SAMACA;SAMACA;19.193;85,22 %;4.458;TRUE;FALSE;160;120;47;8.000;8.357;2;8.179;47;47;348;0;85,22 %;16.357;11.770;71,96 %;11.629;129;177;3.497;7.955;1,50 %;1,10 %;29,71 %;67,59 %;99,90 %;-12
28;SUCRE;49;GUARANDA;GUARANDA;19.239;79,77 %;2.727;TRUE;FALSE;370;52;51;7.095;8.252;15;1.023;51;51;301;0;79,77 %;15.347;7.872;51,29 %;7.837;23;70;2.520;5.247;0,89 %;0,29 %;32,01 %;66,65 %;99,85 %;-12
29;TOLIMA;19;ATACO;ATACO;19.258;86,86 %;4.834;TRUE;TRUE;1.122;17;54;7.490;9.237;19;880;54;54;310;0;86,86 %;16.727;8.886;53,12 %;8.809;58;103;1.936;6.770;1,16 %;0,65 %;21,79 %;76,19 %;99,79 %;-19
25;NORTE DE SAN;28;CHINACOTA;CHINACOTA;19.307;83,07 %;6.465;TRUE;TRUE;166;116;48;8.104;7.935;5;3.208;48;48;334;0;83,07 %;16.039;10.379;64,71 %;10.294;75;127;1.851;8.316;1,22 %;0,72 %;17,83 %;80,12 %;99,90 %;-10
31;VALLE;103;TRUJILLO;TRUJILLO;19.358;86,77 %;2.166;TRUE;FALSE;221;88;56;8.055;8.742;17;988;56;56;300;0;86,77 %;16.797;9.614;57,24 %;9.484;112;162;3.578;5.744;1,69 %;1,16 %;37,22 %;59,75 %;99,81 %;-18
12;CESAR;600;LA GLORIA;LA GLORIA;19.362;61,71 %;1.134;TRUE;FALSE;736;26;39;5.717;6.231;9;1.328;39;39;306;0;61,71 %;11.948;7.808;65,35 %;7.748;52;66;3.274;4.408;0,85 %;0,67 %;41,93 %;56,45 %;99,90 %;-8
23;NARIÑO;52;GUACHUCAL;GUACHUCAL;19.379;76,86 %;-6.507;FALSE;FALSE;159;122;45;7.776;7.118;5;2.979;45;45;331;0;76,86 %;14.894;11.744;78,85 %;11.663;58;100;9.035;2.528;0,85 %;0,49 %;76,93 %;21,53 %;99,80 %;-23
11;CAUCA;43;LOPEZ (MICAY);LOPEZ (MICAY);19.392;70,76 %;-7.322;FALSE;FALSE;3.241;6;61;6.497;7.225;39;352;61;61;225;0;70,76 %;13.722;8.634;62,92 %;8.529;80;109;7.871;549;1,26 %;0,93 %;91,16 %;6,36 %;99,71 %;-25
3;ATLANTICO;58;TUBARA;TUBARA;19.633;54,89 %;-2.338;FALSE;FALSE;176;112;34;5.174;5.603;6;1.796;34;34;317;0;54,89 %;10.777;7.512;69,70 %;7.484;22;42;4.890;2.552;0,56 %;0,29 %;65,10 %;33,97 %;99,92 %;-6
5;BOLIVAR;113;TIQUISIO (PTO. RICO);TIQUISIO (PTO. RICO);19.715;78,31 %;254;TRUE;FALSE;758;26;51;6.824;8.614;15;1.029;51;51;303;0;78,31 %;15.438;6.893;44,65 %;6.858;22;76;3.264;3.518;1,10 %;0,32 %;47,35 %;51,04 %;99,81 %;-13
13;CORDOBA;23;LOS CORDOBAS;LOS CORDOBAS;19.730;87,70 %;410;TRUE;FALSE;430;46;56;8.260;9.043;11;1.573;56;56;309;0;87,70 %;17.303;9.708;56,11 %;9.652;35;90;4.576;4.986;0,93 %;0,36 %;47,14 %;51,36 %;99,78 %;-21
15;CUNDINAMARCA;37;CAQUEZA;CAQUEZA;19.804;75,31 %;3.283;TRUE;FALSE;120;165;44;7.230;7.684;4;3.729;44;44;339;0;75,31 %;14.914;10.740;72,01 %;10.617;110;150;3.592;6.875;1,40 %;1,02 %;33,45 %;64,01 %;99,88 %;-13
5;BOLIVAR;70;SAN ESTANISLAO;SAN ESTANISLAO;19.809;83,58 %;810;TRUE;FALSE;208;95;48;8.208;8.348;2;8.278;48;48;345;0;83,58 %;16.556;9.483;57,28 %;9.429;36;99;4.260;5.070;1,04 %;0,38 %;44,92 %;53,46 %;99,81 %;-18
23;NARIÑO;118;SANDONA;SANDONA;19.811;87,68 %;-5.919;FALSE;FALSE;101;196;54;8.824;8.547;9;1.930;54;54;322;0;87,68 %;17.371;12.605;72,56 %;12.451;134;128;9.121;3.202;1,02 %;1,06 %;72,36 %;25,40 %;99,84 %;-20
5;BOLIVAR;97;SIMITI;SIMITI;19.828;70,07 %;2.091;TRUE;FALSE;1.445;14;50;6.218;7.675;17;817;50;50;278;0;70,07 %;13.893;7.914;56,96 %;7.862;44;87;2.842;4.933;1,10 %;0,56 %;35,91 %;62,33 %;99,90 %;-8
28;SUCRE;240;SAN PEDRO;SAN PEDRO;19.865;89,50 %;-994;FALSE;FALSE;240;83;52;8.666;9.114;4;4.445;52;52;342;0;89,50 %;17.780;10.961;61,65 %;10.920;30;82;5.916;4.922;0,75 %;0,27 %;53,97 %;44,90 %;99,90 %;-11
1;ANTIOQUIA;206;PUERTO TRIUNFO;PUERTO TRIUNFO;19.871;76,92 %;3.502;TRUE;FALSE;361;55;47;7.396;7.888;8;1.911;47;47;325;0;76,92 %;15.284;8.745;57,22 %;8.658;66;110;2.523;6.025;1,26 %;0,75 %;28,85 %;68,90 %;99,76 %;-21
44;CAQUETA;5;EL DONCELLO;EL DONCELLO;19.907;80,31 %;1.461;TRUE;FALSE;1.250;16;49;7.929;8.059;7;2.284;49;49;326;0;80,31 %;15.988;10.364;64,82 %;10.183;152;272;4.225;5.686;2,62 %;1,47 %;40,77 %;54,86 %;99,72 %;-29
9;CALDAS;109;SALAMINA;SALAMINA;19.923;73,80 %;3.386;TRUE;FALSE;175;114;45;7.024;7.679;7;2.100;45;45;327;0;73,80 %;14.703;8.398;57,12 %;8.214;153;174;2.327;5.713;2,07 %;1,82 %;27,71 %;68,03 %;99,63 %;-31
13;CORDOBA;14;COTORRA (BONGO);COTORRA (BONGO);19.970;84,46 %;-1.630;FALSE;FALSE;89;224;51;8.427;8.439;9;1.874;51;51;331;0;84,46 %;16.866;10.926;64,78 %;10.888;30;80;6.219;4.589;0,73 %;0,27 %;56,92 %;42,00 %;99,93 %;-8
17;CHOCO;15;CARMEN DEL DARIEN;CARMEN DEL DARIEN;19.973;51,52 %;-4.023;FALSE;FALSE;4.700;4;39;4.874;5.416;17;605;39;39;264;0;51,52 %;10.290;5.554;53,97 %;5.458;82;55;4.713;690;0,99 %;1,48 %;84,86 %;12,42 %;99,75 %;-14
1;ANTIOQUIA;28;ANORI;ANORI;20.011;68,48 %;-1.029;FALSE;FALSE;1.447;14;43;6.363;7.340;8;1.713;43;43;319;0;68,48 %;13.703;7.208;52,60 %;7.034;118;365;3.849;2.820;5,06 %;1,64 %;53,40 %;39,12 %;99,22 %;-56
23;NARIÑO;109;RICAURTE;RICAURTE;20.102;93,27 %;-8.476;FALSE;FALSE;1.211;17;62;9.040;9.709;18;1.042;62;62;302;0;93,27 %;18.749;11.817;63,03 %;11.691;70;81;10.043;1.567;0,69 %;0,59 %;84,99 %;13,26 %;99,53 %;-56
25;NORTE DE SAN;22;CONVENCION;CONVENCION;20.111;82,75 %;-245;FALSE;FALSE;829;24;55;7.527;9.114;14;1.189;55;55;303;0;82,75 %;16.641;8.064;48,46 %;7.966;86;139;4.036;3.791;1,72 %;1,07 %;50,05 %;47,01 %;99,85 %;-12
28;SUCRE;41;COVEÑAS;COVEÑAS;20.185;77,36 %;-1.159;FALSE;FALSE;74;273;47;7.464;8.151;5;3.123;47;47;332;0;77,36 %;15.615;9.883;63,29 %;9.820;50;97;5.441;4.282;0,98 %;0,51 %;55,05 %;43,33 %;99,87 %;-13
64;PUTUMAYO;18;SAN MIGUEL (LA DORADA);SAN MIGUEL (LA DORADA);20.242;78,66 %;-7.270;FALSE;FALSE;71;285;51;7.657;8.265;9;1.769;51;51;312;0;78,66 %;15.922;9.670;60,73 %;9.559;91;119;8.355;1.085;1,23 %;0,94 %;86,40 %;11,22 %;99,79 %;-20
9;CALDAS;85;PENSILVANIA;PENSILVANIA;20.295;80,30 %;4.666;TRUE;TRUE;513;40;53;7.687;8.610;14;1.164;53;53;307;0;80,30 %;16.297;9.497;58,27 %;9.339;129;199;2.237;6.903;2,10 %;1,36 %;23,55 %;72,69 %;99,69 %;-29
15;CUNDINAMARCA;325;VILLAPINZON;VILLAPINZON;20.330;71,98 %;6.840;TRUE;TRUE;249;82;42;7.094;7.539;2;7.317;42;42;348;0;71,98 %;14.633;11.672;79,76 %;11.556;108;222;2.247;9.087;1,90 %;0,93 %;19,25 %;77,85 %;99,93 %;-8
3;ATLANTICO;34;POLONUEVO;POLONUEVO;20.361;74,52 %;-4.561;FALSE;FALSE;72;283;44;7.590;7.584;3;5.058;44;44;345;0;74,52 %;15.174;9.877;65,09 %;9.827;37;46;7.171;2.610;0,47 %;0,37 %;72,60 %;26,43 %;99,87 %;-13
11;CAUCA;29;GUACHENE;GUACHENE;20.502;71,94 %;-7.385;FALSE;FALSE;392;52;47;8.148;6.601;11;1.341;47;47;314;0;71,94 %;14.749;11.044;74,88 %;10.871;165;104;9.076;1.691;0,94 %;1,49 %;82,18 %;15,31 %;99,93 %;-8
9;CALDAS;115;SAMANA;SAMANA;20.513;81,43 %;5.123;TRUE;TRUE;809;25;54;7.889;8.814;15;1.114;54;54;309;0;81,43 %;16.703;9.770;58,49 %;9.593;143;160;2.155;7.278;1,64 %;1,46 %;22,06 %;74,49 %;99,65 %;-34
13;CORDOBA;24;MOMIL;MOMIL;20.550;73,20 %;20;TRUE;FALSE;152;135;44;7.526;7.517;4;3.761;44;44;342;0;73,20 %;15.043;9.540;63,42 %;9.494;35;100;4.687;4.707;1,05 %;0,37 %;49,13 %;49,34 %;99,88 %;-11
15;CUNDINAMARCA;151;LA VEGA;LA VEGA;20.560;71,05 %;4.665;TRUE;TRUE;153;134;42;7.239;7.368;2;7.304;42;42;348;0;71,05 %;14.607;10.271;70,32 %;10.186;75;131;2.695;7.360;1,28 %;0,73 %;26,24 %;71,66 %;99,90 %;-10
1;ANTIOQUIA;112;DON MATIAS;DON MATIAS;20.645;93,13 %;6.319;TRUE;TRUE;181;114;55;9.852;9.375;3;6.409;55;55;350;0;93,13 %;19.227;10.362;53,89 %;10.252;92;251;1.841;8.160;2,42 %;0,89 %;17,77 %;78,75 %;99,83 %;-18
15;CUNDINAMARCA;259;SUESCA;SUESCA;20.670;58,36 %;-1.296;FALSE;FALSE;177;117;36;6.133;5.931;4;3.016;36;36;335;0;58,36 %;12.064;9.303;77,11 %;9.115;171;191;5.110;3.814;2,05 %;1,84 %;54,93 %;41,00 %;99,82 %;-17
12;CESAR;650;PAILITAS;PAILITAS;20.681;80,83 %;1.262;TRUE;FALSE;512;40;50;8.239;8.478;6;2.786;50;50;334;0;80,83 %;16.717;9.910;59,28 %;9.820;79;94;4.232;5.494;0,95 %;0,80 %;42,70 %;55,44 %;99,89 %;-11
72;VICHADA;1;PUERTO CARREÑO;PUERTO CARREÑO;21.007;101,09 %;1.830;TRUE;FALSE;12.897;2;66;10.042;11.195;10;2.124;66;66;322;0;101,09 %;21.237;9.559;45,01 %;9.434;89;136;3.734;5.564;1,42 %;0,93 %;39,06 %;58,21 %;99,62 %;-36
1;ANTIOQUIA;300;YONDO-CASABE;YONDO-CASABE;21.065;76,53 %;245;TRUE;FALSE;1.881;11;50;7.470;8.651;7;2.303;50;50;322;0;76,53 %;16.121;10.486;65,05 %;10.293;172;166;4.941;5.186;1,58 %;1,64 %;47,12 %;49,46 %;99,80 %;-21
40;ARAUCA;17;FORTUL;FORTUL;21.110;66,19 %;-3.530;FALSE;FALSE;1.125;19;42;6.785;7.188;5;2.795;42;42;333;0;66,19 %;13.973;8.046;57,58 %;7.895;137;177;5.624;2.094;2,20 %;1,70 %;69,90 %;26,03 %;99,83 %;-14
1;ANTIOQUIA;4;ABEJORRAL;ABEJORRAL;21.246;72,47 %;5.809;TRUE;TRUE;497;43;48;7.312;8.086;7;2.200;48;48;321;0;72,47 %;15.398;8.879;57,66 %;8.774;59;151;1.407;7.216;1,70 %;0,66 %;15,85 %;81,27 %;99,48 %;-46
15;CUNDINAMARCA;100;GACHANCIPA;GACHANCIPA;21.374;61,20 %;-1.878;FALSE;FALSE;44;486;38;6.561;6.520;2;6.541;38;38;344;0;61,20 %;13.081;10.129;77,43 %;9.976;144;192;5.831;3.953;1,90 %;1,42 %;57,57 %;39,03 %;99,91 %;-9
21;MAGDALENA;70;SAN SEBASTIAN DE BUENAVISTA;SAN SEBASTIAN DE BUENAVISTA;21.413;84,83 %;1.670;TRUE;FALSE;413;52;58;8.519;9.645;15;1.211;58;58;313;0;84,83 %;18.164;9.877;54,38 %;9.840;20;60;4.055;5.725;0,61 %;0,20 %;41,05 %;57,96 %;99,83 %;-17
12;CESAR;850;SAN DIEGO;SAN DIEGO;21.484;82,43 %;441;TRUE;FALSE;670;32;55;8.824;8.886;8;2.214;55;55;322;0;82,43 %;17.710;10.783;60,89 %;10.702;69;123;5.069;5.510;1,14 %;0,64 %;47,01 %;51,10 %;99,89 %;-12
29;TOLIMA;103;ROVIRA;ROVIRA;21.650;99,77 %;5.992;TRUE;TRUE;818;26;70;9.965;11.635;20;1.080;70;70;309;0;99,77 %;21.600;11.539;53,42 %;11.405;109;149;2.632;8.624;1,29 %;0,94 %;22,81 %;74,74 %;99,78 %;-25
1;ANTIOQUIA;127;FRONTINO;FRONTINO;21.679;83,89 %;1.480;TRUE;FALSE;1.236;18;58;8.708;9.479;15;1.212;58;58;314;0;83,89 %;18.187;8.460;46,52 %;8.348;77;164;3.352;4.832;1,94 %;0,91 %;39,62 %;57,12 %;99,59 %;-35
9;CALDAS;76;NEIRA;NEIRA;21.691;91,27 %;4.274;TRUE;FALSE;350;62;60;9.557;10.241;9;2.200;60;60;330;0;91,27 %;19.798;11.834;59,77 %;11.530;253;224;3.516;7.790;1,89 %;2,14 %;29,71 %;65,83 %;99,57 %;-51
21;MAGDALENA;30;EL RETEN;EL RETEN;21.786;76,92 %;-5.317;FALSE;FALSE;274;80;49;8.311;8.447;3;5.586;49;49;342;0;76,92 %;16.758;8.954;53,43 %;8.895;48;74;7.069;1.752;0,83 %;0,54 %;78,95 %;19,57 %;99,88 %;-11
11;CAUCA;98;VILLA RICA;VILLA RICA;21.846;72,64 %;-8.361;FALSE;FALSE;74;295;46;8.558;7.311;3;5.290;46;46;345;0;72,64 %;15.869;11.009;69,37 %;10.837;159;86;9.556;1.195;0,78 %;1,44 %;86,80 %;10,85 %;99,88 %;-13
21;MAGDALENA;42;NUEVA GRANADA;NUEVA GRANADA;21.904;78,85 %;1.837;TRUE;FALSE;1.120;20;52;7.896;9.375;6;2.879;52;52;332;0;78,85 %;17.271;9.671;56,00 %;9.609;42;104;3.834;5.671;1,08 %;0,43 %;39,64 %;58,64 %;99,79 %;-20
13;CORDOBA;7;BUENAVISTA;BUENAVISTA;21.909;88,42 %;-3.627;FALSE;FALSE;144;152;63;9.311;10.062;12;1.614;63;63;308;0;88,42 %;19.373;11.075;57,17 %;11.016;42;101;7.271;3.644;0,91 %;0,38 %;65,65 %;32,90 %;99,85 %;-17
1;ANTIOQUIA;231;SAN JUAN DE URABA;SAN JUAN DE URABA;21.945;96,23 %;1.485;TRUE;FALSE;239;92;64;10.334;10.783;9;2.346;64;64;330;0;96,23 %;21.117;10.309;48,82 %;10.249;32;128;4.318;5.803;1,24 %;0,31 %;41,89 %;56,29 %;99,73 %;-28
11;CAUCA;6;BALBOA;BALBOA;21.953;81,06 %;-10.746;FALSE;FALSE;119;184;55;8.531;9.265;11;1.618;55;55;324;0;81,06 %;17.796;14.851;83,45 %;14.324;499;254;12.408;1.662;1,71 %;3,36 %;83,55 %;11,19 %;99,81 %;-28
12;CESAR;170;ASTREA;ASTREA;22.105;77,78 %;1.202;TRUE;FALSE;563;39;51;8.165;9.028;7;2.456;51;51;337;0;77,78 %;17.193;10.167;59,13 %;10.122;33;76;4.422;5.624;0,75 %;0,32 %;43,49 %;55,32 %;99,88 %;-12
27;SANTANDER;130;MALAGA;MALAGA;22.237;73,88 %;4.443;TRUE;FALSE;58;383;52;8.542;7.887;9;1.825;52;52;316;0;73,88 %;16.429;11.251;68,48 %;11.160;87;209;3.254;7.697;1,86 %;0,77 %;28,92 %;68,41 %;99,96 %;-4
3;ATLANTICO;25;MANATI;MANATI;22.338;76,58 %;2.240;TRUE;FALSE;206;108;49;8.450;8.656;1;17.106;49;49;349;0;76,58 %;17.106;7.848;45,88 %;7.818;21;68;2.755;4.995;0,87 %;0,27 %;35,10 %;63,65 %;99,89 %;-9
25;NORTE DE SAN;36;EL TARRA;EL TARRA;22.448;72,76 %;-5.142;FALSE;FALSE;471;48;51;7.417;8.916;8;2.042;51;51;320;0;72,76 %;16.333;8.233;50,41 %;8.130;83;100;6.586;1.444;1,21 %;1,01 %;80,00 %;17,54 %;99,76 %;-20
19;HUILA;88;TIMANA;TIMANA;22.598;76,50 %;5.775;TRUE;TRUE;182;124;51;8.341;8.946;4;4.322;51;51;339;0;76,50 %;17.287;11.347;65,64 %;11.250;84;151;2.662;8.437;1,33 %;0,74 %;23,46 %;74,35 %;99,89 %;-13
23;NARIÑO;41;EL CHARCO;EL CHARCO;22.601;78,97 %;-9.116;FALSE;FALSE;1.285;18;60;8.301;9.548;18;992;60;60;297;0;78,97 %;17.849;10.718;60,05 %;10.536;137;98;9.777;661;0,91 %;1,28 %;91,22 %;6,17 %;99,58 %;-45
1;ANTIOQUIA;241;SAN ROQUE;SAN ROQUE;22.618;73,72 %;5.585;TRUE;TRUE;441;51;50;7.942;8.733;5;3.335;50;50;334;0;73,72 %;16.675;9.456;56,71 %;9.345;79;160;1.800;7.385;1,69 %;0,84 %;19,04 %;78,10 %;99,66 %;-32
29;TOLIMA;34;COYAIMA;COYAIMA;22.656;83,07 %;-1.193;FALSE;FALSE;664;34;59;9.092;9.728;10;1.882;59;59;319;0;83,07 %;18.820;11.540;61,32 %;11.439;58;62;6.285;5.092;0,54 %;0,50 %;54,46 %;44,12 %;99,63 %;-43
1;ANTIOQUIA;100;CONCORDIA;CONCORDIA;22.713;71,90 %;5.081;TRUE;TRUE;110;206;49;7.793;8.538;4;4.083;49;49;333;0;71,90 %;16.331;7.906;48,41 %;7.802;79;125;1.298;6.379;1,58 %;1,00 %;16,42 %;80,69 %;99,68 %;-25
29;TOLIMA;97;RIOBLANCO;RIOBLANCO;22.784;79,81 %;2.951;TRUE;FALSE;1.137;20;58;8.064;10.121;14;1.299;58;58;314;0;79,81 %;18.185;8.154;44,84 %;8.044;78;145;2.474;5.425;1,78 %;0,96 %;30,34 %;66,53 %;99,61 %;-32
1;ANTIOQUIA;196;PEÑOL;PEÑOL;22.798;82,92 %;8.026;TRUE;TRUE;121;188;54;9.501;9.402;1;18.903;54;54;350;0;82,92 %;18.903;12.620;66,76 %;12.528;72;166;2.168;10.194;1,32 %;0,57 %;17,18 %;80,78 %;99,84 %;-20
31;VALLE;7;ANDALUCIA;ANDALUCIA;23.042;86,69 %;-3.047;FALSE;FALSE;316;73;59;10.197;9.779;7;2.854;59;59;339;0;86,69 %;19.976;12.268;61,41 %;12.170;87;151;7.533;4.486;1,23 %;0,71 %;61,40 %;36,57 %;99,91 %;-11
28;SUCRE;320;TOLUVIEJO;TOLUVIEJO;23.049;94,05 %;-3.258;FALSE;FALSE;276;84;68;10.490;11.188;15;1.445;68;68;319;0;94,05 %;21.678;13.824;63,77 %;13.760;44;104;8.457;5.199;0,75 %;0,32 %;61,18 %;37,61 %;99,86 %;-20
19;HUILA;13;ALGECIRAS;ALGECIRAS;23.115;79,89 %;3.570;TRUE;FALSE;570;41;55;8.939;9.527;4;4.617;55;55;336;0;79,89 %;18.466;13.986;75,74 %;13.571;320;503;4.749;8.319;3,60 %;2,29 %;33,96 %;59,48 %;99,32 %;-95
48;LA GUAJIRA;9;HATONUEVO;HATONUEVO;23.181;70,78 %;-4.093;FALSE;FALSE;249;93;48;8.111;8.297;4;4.102;48;48;342;0;70,78 %;16.408;8.881;54,13 %;8.839;28;60;6.436;2.343;0,68 %;0,32 %;72,47 %;26,38 %;99,84 %;-14
5;BOLIVAR;94;SANTA ROSA;SANTA ROSA;23.211;75,67 %;-4.918;FALSE;FALSE;3.198;7;50;8.726;8.838;1;17.564;50;50;351;0;75,67 %;17.564;9.811;55,86 %;9.747;47;81;7.292;2.374;0,83 %;0,48 %;74,32 %;24,20 %;99,83 %;-17
19;HUILA;76;SUAZA;SUAZA;23.278;71,23 %;4.943;TRUE;TRUE;336;69;48;7.825;8.757;3;5.527;48;48;345;0;71,23 %;16.582;10.751;64,84 %;10.620;99;141;2.768;7.711;1,31 %;0,92 %;25,75 %;71,72 %;99,70 %;-32
12;CESAR;700;PELAYA;PELAYA;23.395;74,74 %;2.430;TRUE;FALSE;371;63;51;8.612;8.873;3;5.828;51;51;343;0;74,74 %;17.485;10.242;58,58 %;10.131;94;111;3.795;6.225;1,08 %;0,92 %;37,05 %;60,78 %;99,83 %;-17
17;CHOCO;38;EL LITORAL DEL SAN JUAN;EL LITORAL DEL SAN JUAN;23.434;39,23 %;-5.252;FALSE;FALSE;3.755;6;43;4.343;4.851;31;297;43;43;214;0;39,23 %;9.194;5.459;59,38 %;5.442;12;8;5.343;91;0,15 %;0,22 %;97,88 %;1,67 %;99,91 %;-5
1;ANTIOQUIA;169;LA UNION;LA UNION;23.455;87,53 %;7.173;TRUE;TRUE;125;188;60;10.199;10.331;3;6.843;60;60;342;0;87,53 %;20.530;14.967;72,90 %;14.782;155;345;3.632;10.805;2,31 %;1,04 %;24,27 %;72,19 %;99,80 %;-30
7;BOYACA;160;MONIQUIRA;MONIQUIRA;23.490;85,19 %;4.161;TRUE;FALSE;220;107;58;10.050;9.962;5;4.002;58;58;345;0;85,19 %;20.012;13.963;69,77 %;13.783;156;194;4.714;8.875;1,39 %;1,12 %;33,76 %;63,56 %;99,83 %;-24
31;VALLE;58;GINEBRA;GINEBRA;23.507;82,05 %;-1.907;FALSE;FALSE;313;75;59;9.825;9.462;9;2.143;59;59;327;0;82,05 %;19.287;12.236;63,44 %;12.110;114;153;6.932;5.025;1,25 %;0,93 %;56,65 %;41,07 %;99,90 %;-12
1;ANTIOQUIA;244;SAN VICENTE;SAN VICENTE;23.531;75,16 %;8.401;TRUE;TRUE;243;97;54;8.436;9.250;11;1.608;54;54;328;0;75,16 %;17.686;12.460;70,45 %;12.346;83;191;1.877;10.278;1,53 %;0,67 %;15,06 %;82,49 %;99,75 %;-31
11;CAUCA;46;MERCADERES;MERCADERES;23.653;59,06 %;-6.501;FALSE;FALSE;827;29;48;6.791;7.178;19;735;48;48;291;0;59,06 %;13.969;9.686;69,34 %;9.472;156;239;7.867;1.366;2,47 %;1,61 %;81,22 %;14,10 %;99,40 %;-58
9;CALDAS;4;AGUADAS;AGUADAS;23.678;80,07 %;7.185;TRUE;TRUE;482;49;59;9.243;9.716;10;1.896;59;59;321;0;80,07 %;18.959;12.016;63,38 %;11.831;150;182;2.232;9.417;1,51 %;1,25 %;18,58 %;78,37 %;99,71 %;-35
3;ATLANTICO;16;JUAN DE ACOSTA;JUAN DE ACOSTA;23.702;83,08 %;1.664;TRUE;FALSE;127;187;58;9.611;10.080;6;3.282;58;58;340;0;83,08 %;19.691;11.747;59,66 %;11.699;33;75;4.980;6.644;0,64 %;0,28 %;42,39 %;56,56 %;99,87 %;-15
29;TOLIMA;94;PURIFICACION;PURIFICACION;23.712;85,94 %;1.234;TRUE;FALSE;422;56;61;10.099;10.279;7;2.911;61;61;334;0;85,94 %;20.378;13.469;66,10 %;13.333;115;141;5.979;7.213;1,05 %;0,85 %;44,39 %;53,55 %;99,84 %;-21
52;META;20;CUMARAL;CUMARAL;23.743;83,95 %;4.296;TRUE;FALSE;580;41;63;9.968;9.964;10;1.993;63;63;316;0;83,95 %;19.932;14.321;71,85 %;14.155;155;237;4.811;9.107;1,65 %;1,08 %;33,59 %;63,59 %;99,92 %;-11
5;BOLIVAR;13;CALAMAR;CALAMAR;23.919;87,89 %;1.228;TRUE;FALSE;14.300;2;62;10.263;10.759;6;3.504;62;62;339;0;87,89 %;21.022;10.674;50,78 %;10.576;71;110;4.619;5.847;1,03 %;0,67 %;43,27 %;54,78 %;99,75 %;-27
23;NARIÑO;19;BUESACO;BUESACO;23.964;79,21 %;-788;FALSE;FALSE;682;35;60;9.492;9.489;14;1.356;60;60;316;0;79,21 %;18.981;12.419;65,43 %;12.260;133;150;6.449;5.661;1,21 %;1,07 %;51,93 %;45,58 %;99,79 %;-26
28;SUCRE;48;GALERAS (NUEVA GRANADA);GALERAS (NUEVA GRANADA);24.035;77,67 %;3.823;TRUE;FALSE;321;75;57;9.015;9.653;8;2.334;57;57;328;0;77,67 %;18.668;11.314;60,61 %;11.239;45;146;3.635;7.458;1,29 %;0,40 %;32,13 %;65,92 %;99,73 %;-30
5;BOLIVAR;44;MORALES;MORALES;24.179;54,33 %;2.547;TRUE;FALSE;265;91;43;5.920;7.216;11;1.194;43;43;305;0;54,33 %;13.136;8.244;62,76 %;8.183;48;80;2.778;5.325;0,97 %;0,58 %;33,70 %;64,59 %;99,84 %;-13
21;MAGDALENA;15;CHIVOLO;CHIVOLO;24.203;65,58 %;1.297;TRUE;FALSE;528;46;47;7.331;8.541;6;2.645;47;47;338;0;65,58 %;15.872;8.997;56,68 %;8.950;25;59;3.797;5.094;0,66 %;0,28 %;42,20 %;56,62 %;99,76 %;-22
28;SUCRE;100;OVEJAS;OVEJAS;24.235;96,33 %;-4.052;FALSE;FALSE;447;54;74;10.931;12.414;14;1.668;74;74;315;0;96,33 %;23.345;14.841;63,57 %;14.764;60;72;9.372;5.320;0,49 %;0,40 %;63,15 %;35,85 %;99,89 %;-17
12;CESAR;180;BECERRIL;BECERRIL;24.462;83,42 %;-2.856;FALSE;FALSE;1.144;21;60;9.663;10.744;3;6.802;60;60;340;0;83,42 %;20.407;11.283;55,29 %;11.191;77;117;6.965;4.109;1,04 %;0,68 %;61,73 %;36,42 %;99,87 %;-15
3;ATLANTICO;7;CAMPO DE LA CRUZ;CAMPO DE LA CRUZ;24.546;96,17 %;2.316;TRUE;FALSE;33;744;70;11.781;11.824;5;4.721;70;70;337;0;96,17 %;23.605;11.338;48,03 %;11.298;30;86;4.448;6.764;0,76 %;0,26 %;39,23 %;59,66 %;99,91 %;-10
15;CUNDINAMARCA;64;CHOCONTA;CHOCONTA;24.571;69,37 %;4.355;TRUE;FALSE;301;82;50;8.490;8.556;3;5.682;50;50;341;0;69,37 %;17.046;12.470;73,15 %;12.288;166;193;3.870;8.225;1,55 %;1,33 %;31,03 %;65,96 %;99,87 %;-16
1;ANTIOQUIA;298;YOLOMBO;YOLOMBO;24.617;70,50 %;4.095;TRUE;TRUE;941;26;53;8.354;9.002;8;2.170;53;53;327;0;70,50 %;17.356;8.528;49,14 %;8.414;76;177;2.071;6.166;2,08 %;0,89 %;24,28 %;72,30 %;99,55 %;-38
1;ANTIOQUIA;109;DABEIBA;DABEIBA;24.621;83,62 %;650;TRUE;FALSE;1.883;13;64;9.796;10.792;10;2.059;64;64;322;0;83,62 %;20.588;9.999;48,57 %;9.874;77;136;4.544;5.194;1,36 %;0,77 %;45,44 %;51,95 %;99,52 %;-48
28;SUCRE;55;LOS PALMITOS;LOS PALMITOS;24.698;81,79 %;-5.691;FALSE;FALSE;125;198;62;9.969;10.231;10;2.020;62;62;326;0;81,79 %;20.200;13.841;68,52 %;13.782;39;69;9.702;4.011;0,50 %;0,28 %;70,10 %;28,98 %;99,86 %;-20
29;TOLIMA;64;HONDA;HONDA;24.723;90,65 %;-368;FALSE;FALSE;309;80;64;11.307;11.104;6;3.735;64;64;350;0;90,65 %;22.411;13.955;62,27 %;13.797;148;161;7.002;6.634;1,15 %;1,06 %;50,18 %;47,54 %;99,93 %;-10
13;CORDOBA;33;PUERTO ESCONDIDO;PUERTO ESCONDIDO;24.889;81,63 %;675;TRUE;FALSE;432;58;63;9.619;10.699;15;1.355;63;63;323;0;81,63 %;20.318;11.665;57,41 %;11.627;27;64;5.444;6.119;0,55 %;0,23 %;46,67 %;52,46 %;99,91 %;-11
21;MAGDALENA;28;EL PIÑON;EL PIÑON;24.922;56,75 %;190;TRUE;FALSE;581;43;44;6.647;7.497;11;1.286;44;44;321;0;56,75 %;14.144;7.947;56,19 %;7.911;26;43;3.839;4.029;0,54 %;0,33 %;48,31 %;50,70 %;99,87 %;-10
31;VALLE;25;BUGALAGRANDE;BUGALAGRANDE;24.950;83,92 %;-4.859;FALSE;FALSE;374;67;67;10.576;10.361;15;1.396;67;67;312;0;83,92 %;20.937;13.192;63,01 %;13.072;106;145;8.893;4.034;1,10 %;0,80 %;67,41 %;30,58 %;99,89 %;-14
64;PUTUMAYO;30;VILLAGARZON;VILLAGARZON;25.093;84,50 %;-6.423;FALSE;FALSE;1.250;20;64;10.256;10.948;7;3.029;64;64;331;0;84,50 %;21.204;13.967;65,87 %;13.779;150;210;9.996;3.573;1,50 %;1,07 %;71,57 %;25,58 %;99,73 %;-38
11;CAUCA;40;LA VEGA;LA VEGA;25.235;59,38 %;-6.352;FALSE;FALSE;153;165;53;7.148;7.837;19;789;53;53;283;0;59,38 %;14.985;10.100;67,40 %;9.979;102;85;8.123;1.771;0,84 %;1,01 %;80,43 %;17,53 %;99,81 %;-19
23;NARIÑO;95;OLAYA HERRERA;OLAYA HERRERA;25.262;65,03 %;-7.899;FALSE;FALSE;990;26;53;7.998;8.431;14;1.174;53;53;310;0;65,03 %;16.429;9.009;54,84 %;8.945;52;42;8.401;502;0,47 %;0,58 %;93,25 %;5,57 %;99,87 %;-12
19;HUILA;37;GIGANTE;GIGANTE;25.318;81,92 %;5.167;TRUE;FALSE;626;40;63;10.085;10.655;6;3.457;63;63;329;0;81,92 %;20.740;13.617;65,66 %;13.459;136;184;4.054;9.221;1,35 %;1,00 %;29,77 %;67,72 %;99,84 %;-22
24;RISARALDA;21;BELEN DE UMBRIA;BELEN DE UMBRIA;25.399;89,07 %;4.745;TRUE;FALSE;178;143;69;10.721;11.903;9;2.514;69;69;328;0;89,07 %;22.624;13.039;57,63 %;12.771;221;248;3.889;8.634;1,90 %;1,69 %;29,83 %;66,22 %;99,64 %;-47
5;BOLIVAR;76;SAN JACINTO;SAN JACINTO;25.426;87,36 %;217;TRUE;FALSE;434;59;68;10.639;11.573;11;2.019;68;68;327;0;87,36 %;22.212;13.357;60,13 %;13.298;47;95;6.493;6.710;0,71 %;0,35 %;48,61 %;50,24 %;99,91 %;-12
5;BOLIVAR;59;PINILLOS;PINILLOS;25.585;74,29 %;3.683;TRUE;FALSE;753;34;66;8.429;10.578;25;760;66;66;288;0;74,29 %;19.007;9.361;49,25 %;9.319;26;44;2.796;6.479;0,47 %;0,28 %;29,87 %;69,21 %;99,83 %;-16
23;NARIÑO;88;MAGUI (PAYAN);MAGUI (PAYAN);25.601;29,08 %;-4.613;FALSE;FALSE;1.745;15;31;3.597;3.847;19;392;31;31;240;0;29,08 %;7.444;4.854;65,21 %;4.827;24;18;4.711;98;0,37 %;0,49 %;97,05 %;2,02 %;99,94 %;-3
46;CASANARE;850;TAURAMENA;TAURAMENA;25.720;78,90 %;6.850;TRUE;TRUE;2.607;10;60;9.814;10.478;7;2.899;60;60;338;0;78,90 %;20.292;15.411;75,95 %;15.187;208;251;4.043;10.893;1,63 %;1,35 %;26,23 %;70,68 %;99,90 %;-16
19;HUILA;64;RIVERA;RIVERA;25.738;79,17 %;1.711;TRUE;FALSE;435;59;60;10.144;10.234;6;3.396;60;60;340;0;79,17 %;20.378;14.086;69,12 %;13.937;137;192;6.017;7.728;1,36 %;0,97 %;42,72 %;54,86 %;99,91 %;-12
5;BOLIVAR;4;ACHI;ACHI;25.786;73,10 %;4.195;TRUE;TRUE;871;30;63;8.469;10.381;22;857;63;63;299;0;73,10 %;18.850;10.042;53,27 %;9.992;28;65;2.866;7.061;0,65 %;0,28 %;28,54 %;70,31 %;99,78 %;-22
27;SANTANDER;220;VELEZ;VELEZ;25.876;64,35 %;3.426;TRUE;FALSE;271;95;52;8.269;8.383;10;1.665;52;52;320;0;64,35 %;16.652;11.393;68,42 %;11.281;100;153;3.851;7.277;1,34 %;0,88 %;33,80 %;63,87 %;99,89 %;-12
15;CUNDINAMARCA;241;SILVANIA;SILVANIA;25.906;79,35 %;4.241;TRUE;FALSE;163;159;61;10.201;10.355;4;5.139;61;61;337;0;79,35 %;20.556;14.393;70,02 %;14.233;142;190;4.901;9.142;1,32 %;0,99 %;34,05 %;63,52 %;99,87 %;-18
19;HUILA;4;ACEVEDO;ACEVEDO;25.909;91,12 %;8.796;TRUE;TRUE;612;42;69;11.173;12.436;6;3.935;69;69;342;0;91,12 %;23.609;15.031;63,67 %;14.920;95;198;2.963;11.759;1,32 %;0,63 %;19,71 %;78,23 %;99,89 %;-16
1;ANTIOQUIA;124;FREDONIA;FREDONIA;25.924;69,60 %;3.880;TRUE;FALSE;247;105;57;8.661;9.383;10;1.804;57;57;317;0;69,60 %;18.044;9.960;55,20 %;9.833;90;173;2.890;6.770;1,74 %;0,90 %;29,02 %;67,97 %;99,63 %;-37
1;ANTIOQUIA;211;RETIRO;RETIRO;25.933;88,71 %;11.591;TRUE;TRUE;273;95;67;11.873;11.132;3;7.668;67;67;343;0;88,71 %;23.005;18.059;78,50 %;17.962;77;333;3.019;14.610;1,84 %;0,43 %;16,72 %;80,90 %;99,89 %;-20
29;TOLIMA;89;PLANADAS;PLANADAS;25.990;94,49 %;2.226;TRUE;FALSE;1.445;18;75;11.188;13.371;9;2.729;75;75;327;0;94,49 %;24.559;12.533;51,03 %;12.336;149;240;4.935;7.161;1,91 %;1,19 %;39,38 %;57,14 %;99,62 %;-48
11;CAUCA;22;CORINTO;CORINTO;26.053;75,28 %;-9.560;FALSE;FALSE;302;86;59;10.188;9.426;8;2.452;59;59;332;0;75,28 %;19.614;14.807;75,49 %;14.644;117;170;12.017;2.457;1,15 %;0,79 %;81,16 %;16,59 %;99,69 %;-46
5;BOLIVAR;124;VILLANUEVA;VILLANUEVA;26.134;67,91 %;-1.172;FALSE;FALSE;99;264;52;8.818;8.929;3;5.916;52;52;341;0;67,91 %;17.747;9.432;53,15 %;9.348;59;88;5.216;4.044;0,93 %;0,63 %;55,30 %;42,88 %;99,73 %;-25
11;CAUCA;97;TOTORO;TOTORO;26.234;51,09 %;-7.340;FALSE;FALSE;421;62;45;6.803;6.599;12;1.117;45;45;298;0;51,09 %;13.402;9.814;73,23 %;9.707;94;71;8.488;1.148;0,72 %;0,96 %;86,49 %;11,70 %;99,87 %;-13
17;CHOCO;82;NUEVO BELEN DE BAJIRA;NUEVO BELEN DE BAJIRA;26.304;47,80 %;-2.572;FALSE;FALSE;1.635;16;41;5.893;6.681;11;1.143;41;41;307;0;47,80 %;12.574;6.744;53,63 %;6.657;79;61;4.584;2.012;0,90 %;1,17 %;67,97 %;29,83 %;99,88 %;-8
19;HUILA;44;ISNOS;ISNOS;26.340;86,34 %;1.944;TRUE;FALSE;697;38;68;11.058;11.685;6;3.791;68;68;334;0;86,34 %;22.743;15.228;66,96 %;15.008;184;272;6.396;8.340;1,79 %;1,21 %;42,00 %;54,77 %;99,76 %;-36
15;CUNDINAMARCA;280;TENJO;TENJO;26.576;73,72 %;2.370;TRUE;FALSE;108;246;56;10.005;9.588;4;4.898;56;56;350;0;73,72 %;19.593;15.335;78,27 %;15.065;248;381;6.157;8.527;2,48 %;1,62 %;40,15 %;55,60 %;99,86 %;-22
15;CUNDINAMARCA;271;TABIO;TABIO;26.702;71,50 %;2.249;TRUE;FALSE;74;361;57;9.636;9.457;5;3.819;57;57;335;0;71,50 %;19.093;14.556;76,24 %;14.374;176;315;5.905;8.154;2,16 %;1,21 %;40,57 %;56,02 %;99,96 %;-6
3;ATLANTICO;35;PONEDERA;PONEDERA;26.803;78,65 %;-1.326;FALSE;FALSE;204;131;63;10.430;10.650;5;4.216;63;63;335;0;78,65 %;21.080;11.693;55,47 %;11.626;49;78;6.437;5.111;0,67 %;0,42 %;55,05 %;43,71 %;99,85 %;-18
1;ANTIOQUIA;301;ZARAGOZA;ZARAGOZA;26.924;81,11 %;-1.662;FALSE;FALSE;1.064;25;66;10.563;11.275;8;2.730;66;66;331;0;81,11 %;21.838;9.259;42,40 %;9.072;150;182;5.276;3.614;1,97 %;1,62 %;56,98 %;39,03 %;99,60 %;-37
15;CUNDINAMARCA;43;COGUA;COGUA;26.948;63,62 %;270;TRUE;FALSE;113;238;50;8.689;8.455;3;5.715;50;50;343;0;63,62 %;17.144;13.683;79,81 %;13.522;154;248;6.502;6.772;1,81 %;1,13 %;47,52 %;49,49 %;99,95 %;-7
21;MAGDALENA;76;SANTA ANA;SANTA ANA;26.979;66,34 %;4.253;TRUE;FALSE;1.120;24;55;8.565;9.333;7;2.557;55;55;325;0;66,34 %;17.898;10.605;59,25 %;10.558;37;75;3.115;7.368;0,71 %;0,35 %;29,37 %;69,48 %;99,91 %;-10
52;META;60;SAN MARTIN DE LOS LLANOS;SAN MARTIN DE LOS LLANOS;27.125;70,27 %;4.060;TRUE;FALSE;5.959;5;59;9.419;9.641;9;2.118;59;59;323;0;70,27 %;19.060;12.620;66,21 %;12.425;181;179;4.093;8.153;1,42 %;1,43 %;32,43 %;64,60 %;99,89 %;-14
44;CAQUETA;9;PUERTO RICO;PUERTO RICO;27.131;73,27 %;151;TRUE;FALSE;3.431;8;60;9.411;10.467;9;2.209;60;60;331;0;73,27 %;19.878;13.428;67,55 %;13.183;184;424;6.304;6.455;3,16 %;1,37 %;46,95 %;48,07 %;99,55 %;-61
11;CAUCA;5;ARGELIA;ARGELIA;27.228;84,13 %;-14.511;FALSE;FALSE;87;313;73;10.385;12.522;14;1.636;73;73;314;0;84,13 %;22.907;18.034;78,73 %;17.461;547;274;15.849;1.338;1,52 %;3,03 %;87,88 %;7,42 %;99,86 %;-26
11;CAUCA;91;TIMBIQUI;TIMBIQUI;27.253;58,35 %;-9.847;FALSE;FALSE;1.813;15;60;7.697;8.206;31;513;60;60;265;0;58,35 %;15.903;10.398;65,38 %;10.371;26;16;10.101;254;0,15 %;0,25 %;97,14 %;2,44 %;99,99 %;-1
15;CUNDINAMARCA;72;EL ROSAL;EL ROSAL;27.322;77,01 %;688;TRUE;FALSE;86;318;62;10.473;10.567;4;5.260;62;62;339;0;77,01 %;21.040;15.923;75,68 %;15.570;339;286;7.298;7.986;1,80 %;2,13 %;45,83 %;50,15 %;99,91 %;-14
25;NORTE DE SAN;85;SARDINATA;SARDINATA;27.437;74,70 %;8.918;TRUE;TRUE;1.451;19;72;9.367;11.128;22;932;72;72;285;0;74,70 %;20.495;11.741;57,29 %;11.652;67;108;1.313;10.231;0,92 %;0,57 %;11,18 %;87,14 %;99,81 %;-22
19;HUILA;55;PALERMO;PALERMO;27.530;81,33 %;3.897;TRUE;FALSE;923;30;67;10.968;11.422;10;2.239;67;67;334;0;81,33 %;22.390;14.331;64,01 %;14.181;135;178;5.053;8.950;1,24 %;0,94 %;35,26 %;62,45 %;99,90 %;-15
1;ANTIOQUIA;58;BOLIVAR;BOLIVAR;27.557;86,68 %;7.929;TRUE;TRUE;602;46;71;11.467;12.420;8;2.986;71;71;336;0;86,68 %;23.887;12.964;54,27 %;12.839;92;194;2.358;10.287;1,50 %;0,71 %;18,19 %;79,35 %;99,75 %;-33
27;SANTANDER;172;RIONEGRO;RIONEGRO;27.767;88,87 %;8.165;TRUE;TRUE;1.277;22;85;11.200;13.477;27;914;85;85;290;0;88,87 %;24.677;15.703;63,63 %;15.510;164;237;3.554;11.719;1,51 %;1,04 %;22,63 %;74,63 %;99,82 %;-29
23;NARIÑO;115;SAMANIEGO;SAMANIEGO;27.799;81,96 %;-12.063;FALSE;FALSE;765;36;81;11.351;11.434;32;712;81;81;281;0;81,96 %;22.785;16.897;74,16 %;16.721;151;206;14.289;2.226;1,22 %;0,89 %;84,57 %;13,17 %;99,85 %;-25
13;CORDOBA;49;SAN CARLOS;SAN CARLOS;27.952;78,49 %;225;TRUE;FALSE;505;55;67;10.602;11.338;9;2.438;67;67;327;0;78,49 %;21.940;12.614;57,49 %;12.536;50;101;6.105;6.330;0,80 %;0,40 %;48,40 %;50,18 %;99,78 %;-28
24;RISARALDA;78;QUINCHIA;QUINCHIA;28.037;77,03 %;-2.844;FALSE;FALSE;150;187;65;10.490;11.106;6;3.599;65;65;332;0;77,03 %;21.596;13.710;63,48 %;13.335;311;299;7.940;5.096;2,18 %;2,27 %;57,91 %;37,17 %;99,53 %;-64
1;ANTIOQUIA;31;ANTIOQUIA;ANTIOQUIA;28.279;86,42 %;4.053;TRUE;FALSE;499;57;75;12.021;12.417;11;2.222;75;75;326;0;86,42 %;24.438;13.524;55,34 %;13.343;135;326;4.482;8.535;2,41 %;1,00 %;33,14 %;63,11 %;99,66 %;-46
1;ANTIOQUIA;16;AMALFI;AMALFI;28.357;67,02 %;4.205;TRUE;TRUE;1.224;23;56;9.205;9.799;5;3.801;56;56;339;0;67,02 %;19.004;9.017;47,45 %;8.849;119;350;2.147;6.352;3,88 %;1,32 %;23,81 %;70,44 %;99,46 %;-49
11;CAUCA;28;GUAPI;GUAPI;28.363;67,79 %;-9.506;FALSE;FALSE;2.681;11;71;9.542;9.684;31;620;71;71;271;0;67,79 %;19.226;10.831;56,34 %;10.734;91;46;10.097;591;0,42 %;0,84 %;93,22 %;5,46 %;99,94 %;-6
15;CUNDINAMARCA;190;PACHO;PACHO;28.458;82,60 %;7.747;TRUE;TRUE;403;71;71;11.620;11.886;7;3.358;71;71;331;0;82,60 %;23.506;16.015;68,13 %;15.875;124;250;3.939;11.686;1,56 %;0,77 %;24,60 %;72,97 %;99,90 %;-16
1;ANTIOQUIA;247;SANTA BARBARA;SANTA BARBARA;28.471;79,42 %;4.852;TRUE;FALSE;224;127;69;11.127;11.485;7;3.230;69;69;328;0;79,42 %;22.612;12.905;57,07 %;12.705;159;233;3.810;8.662;1,81 %;1,23 %;29,52 %;67,12 %;99,68 %;-41
1;ANTIOQUIA;191;NECHI;NECHI;28.653;77,20 %;1.455;TRUE;FALSE;914;31;66;10.274;11.846;8;2.765;66;66;335;0;77,20 %;22.120;8.915;40,30 %;8.839;44;102;3.641;5.096;1,14 %;0,49 %;40,84 %;57,16 %;99,64 %;-32
52;META;41;LA MACARENA;LA MACARENA;28.721;41,93 %;-3.333;FALSE;FALSE;11.229;3;37;5.238;6.806;8;1.506;37;37;326;0;41,93 %;12.044;9.130;75,81 %;8.944;151;279;5.999;2.666;3,06 %;1,65 %;65,71 %;29,20 %;99,62 %;-35
24;RISARALDA;46;LA VIRGINIA;LA VIRGINIA;28.763;118,43 %;-1.698;FALSE;FALSE;33;872;97;17.371;16.694;9;3.785;97;97;351;0;118,43 %;34.065;18.644;54,73 %;18.327;286;359;9.833;8.135;1,93 %;1,53 %;52,74 %;43,63 %;99,83 %;-31
29;TOLIMA;52;FLANDES;FLANDES;28.832;69,60 %;1.044;TRUE;FALSE;95;303;59;10.564;9.504;4;5.017;59;59;340;0;69,60 %;20.068;13.387;66,71 %;13.205;167;165;5.998;7.042;1,23 %;1,25 %;44,80 %;52,60 %;99,89 %;-15
15;CUNDINAMARCA;67;EL COLEGIO;EL COLEGIO;28.870;83,96 %;3.239;TRUE;FALSE;117;247;71;12.056;12.183;6;4.040;71;71;341;0;83,96 %;24.239;16.241;67,00 %;16.066;158;199;6.314;9.553;1,23 %;0,97 %;38,88 %;58,82 %;99,90 %;-17
21;MAGDALENA;40;GUAMAL;GUAMAL;28.885;85,40 %;3.106;TRUE;FALSE;785;37;79;11.369;13.298;23;1.072;79;79;312;0;85,40 %;24.667;12.242;49,63 %;12.197;28;67;4.512;7.618;0,55 %;0,23 %;36,86 %;62,23 %;99,86 %;-17
17;CHOCO;6;ALTO BAUDO (PIE DE PATO);ALTO BAUDO (PIE DE PATO);28.966;41,43 %;-6.137;FALSE;FALSE;1.532;19;53;5.861;6.140;43;279;53;53;226;0;41,43 %;12.001;6.572;54,76 %;6.562;9;9;6.345;208;0,14 %;0,14 %;96,55 %;3,16 %;99,98 %;-1
31;VALLE;28;CAICEDONIA;CAICEDONIA;29.086;94,25 %;3.159;TRUE;FALSE;170;171;88;13.291;14.124;17;1.613;88;88;312;0;94,25 %;27.415;15.299;55,81 %;15.005;257;256;5.795;8.954;1,67 %;1,68 %;37,88 %;58,53 %;99,76 %;-37
1;ANTIOQUIA;154;ITUANGO;ITUANGO;29.103;60,68 %;568;TRUE;FALSE;2.345;12;59;8.012;9.649;14;1.262;59;59;299;0;60,68 %;17.661;5.881;33,30 %;5.745;91;179;2.499;3.067;3,04 %;1,55 %;42,49 %;52,15 %;99,23 %;-45
3;ATLANTICO;40;REPELON;REPELON;29.270;76,33 %;-1.106;FALSE;FALSE;330;89;67;11.029;11.312;6;3.724;67;67;333;0;76,33 %;22.341;12.186;54,55 %;12.106;53;106;6.553;5.447;0,87 %;0,43 %;53,77 %;44,70 %;99,78 %;-27
1;ANTIOQUIA;270;TARAZA;TARAZA;29.319;86,56 %;-2.909;FALSE;FALSE;1.560;19;75;12.100;13.278;10;2.538;75;75;338;0;86,56 %;25.378;9.295;36,63 %;9.131;120;164;5.938;3.029;1,76 %;1,29 %;63,88 %;32,59 %;99,53 %;-44
5;BOLIVAR;84;SAN PABLO;SAN PABLO;29.770;71,00 %;-1.836;FALSE;FALSE;108;276;65;9.990;11.147;12;1.761;65;65;325;0;71,00 %;21.137;11.685;55,28 %;11.584;79;130;6.645;4.809;1,11 %;0,68 %;56,87 %;41,16 %;99,81 %;-22
12;CESAR;800;SAN ALBERTO;SAN ALBERTO;29.868;68,82 %;481;TRUE;FALSE;676;44;63;10.009;10.546;8;2.569;63;63;326;0;68,82 %;20.555;12.637;61,48 %;12.490;132;135;5.937;6.418;1,07 %;1,04 %;46,98 %;50,79 %;99,88 %;-15
25;NORTE DE SAN;38;EL ZULIA;EL ZULIA;30.092;84,85 %;11.268;TRUE;TRUE;449;67;77;12.588;12.945;12;2.128;77;77;332;0;84,85 %;25.533;16.044;62,84 %;15.910;118;156;2.243;13.511;0,97 %;0,74 %;13,98 %;84,21 %;99,90 %;-16
11;CAUCA;31;INZA;INZA;30.156;64,30 %;-8.156;FALSE;FALSE;1.258;24;65;9.453;9.938;20;970;65;65;298;0;64,30 %;19.391;13.542;69,84 %;13.393;104;81;10.734;2.578;0,60 %;0,77 %;79,26 %;19,04 %;99,67 %;-45
9;CALDAS;124;SUPIA;SUPIA;30.171;79,71 %;1.738;TRUE;FALSE;122;247;74;12.285;11.764;10;2.405;74;74;325;0;79,71 %;24.049;14.067;58,49 %;13.595;428;297;5.780;7.518;2,11 %;3,04 %;41,09 %;53,44 %;99,69 %;-44
21;MAGDALENA;79;SITIONUEVO;SITIONUEVO;30.175;72,68 %;-3.025;FALSE;FALSE;491;61;65;10.310;11.622;5;4.386;65;65;337;0;72,68 %;21.932;10.449;47,64 %;10.351;82;74;6.651;3.626;0,71 %;0,78 %;63,65 %;34,70 %;99,85 %;-16
12;CESAR;875;SAN MARTIN;SAN MARTIN;30.194;65,69 %;2.547;TRUE;FALSE;5.959;5;62;9.519;10.315;11;1.803;62;62;320;0;65,69 %;19.834;13.160;66,35 %;12.954;186;167;5.120;7.667;1,27 %;1,41 %;38,91 %;58,26 %;99,85 %;-20
17;CHOCO;34;RIOSUCIO;RIOSUCIO;30.195;47,10 %;-5.368;FALSE;FALSE;9.318;3;52;6.747;7.475;25;569;52;52;274;0;47,10 %;14.222;7.525;52,91 %;7.459;57;41;6.393;1.025;0,54 %;0,76 %;84,96 %;13,62 %;99,88 %;-9
26;QUINDIO;20;CIRCASIA;CIRCASIA;30.220;82,00 %;3.930;TRUE;FALSE;91;332;75;12.867;11.912;10;2.478;75;75;330;0;82,00 %;24.779;16.326;65,89 %;16.092;215;292;5.935;9.865;1,79 %;1,32 %;36,35 %;60,43 %;99,88 %;-19
5;BOLIVAR;31;MAHATES;MAHATES;30.406;75,33 %;-992;FALSE;FALSE;479;63;68;11.252;11.653;8;2.863;68;68;337;0;75,33 %;22.905;11.504;50,22 %;11.430;49;94;6.164;5.172;0,82 %;0,43 %;53,58 %;44,96 %;99,78 %;-25
64;PUTUMAYO;4;PUERTO LEGUIZAMO;PUERTO LEGUIZAMO;30.721;51,18 %;-1.670;FALSE;FALSE;11.640;3;50;7.178;8.544;9;1.747;50;50;314;0;51,18 %;15.722;6.642;42,25 %;6.555;61;89;4.068;2.398;1,34 %;0,92 %;61,25 %;36,10 %;99,61 %;-26
48;LA GUAJIRA;20;VILLANUEVA;VILLANUEVA;30.753;66,05 %;-920;FALSE;FALSE;99;311;59;10.441;9.871;4;5.078;59;59;344;0;66,05 %;20.312;11.955;58,86 %;11.835;109;121;6.317;5.397;1,01 %;0,91 %;52,84 %;45,14 %;99,91 %;-11
28;SUCRE;180;SAN BENITO ABAD;SAN BENITO ABAD;30.789;70,35 %;-1.113;FALSE;FALSE;1.592;19;73;10.072;11.587;22;985;73;73;297;0;70,35 %;21.659;12.868;59,41 %;12.812;40;57;6.934;5.821;0,44 %;0,31 %;53,89 %;45,24 %;99,88 %;-16
12;CESAR;720;PUEBLO BELLO;PUEBLO BELLO;30.901;77,38 %;-3.563;FALSE;FALSE;686;45;72;11.425;12.486;7;3.416;72;72;332;0;77,38 %;23.911;13.403;56,05 %;13.249;96;122;8.345;4.782;0,91 %;0,72 %;62,26 %;35,68 %;99,57 %;-58
11;CAUCA;19;CALOTO;CALOTO;30.944;69,62 %;-10.251;FALSE;FALSE;397;78;68;10.911;10.633;18;1.197;68;68;317;0;69,62 %;21.544;16.572;76,92 %;16.358;192;175;13.217;2.966;1,06 %;1,16 %;79,76 %;17,90 %;99,87 %;-22
52;META;45;PUERTO LOPEZ;PUERTO LOPEZ;31.028;84,94 %;4.305;TRUE;FALSE;6.740;5;81;12.794;13.560;12;2.196;81;81;325;0;84,94 %;26.354;17.160;65,11 %;16.875;257;220;6.175;10.480;1,28 %;1,50 %;35,98 %;61,07 %;99,84 %;-28
1;ANTIOQUIA;208;REMEDIOS;REMEDIOS;31.036;77,04 %;-1.973;FALSE;FALSE;1.985;16;72;11.493;12.417;9;2.657;72;72;332;0;77,04 %;23.910;11.415;47,74 %;11.066;211;469;6.285;4.312;4,11 %;1,85 %;55,06 %;37,77 %;98,79 %;-138
12;CESAR;825;LA PAZ;LA PAZ;31.069;76,45 %;2.846;TRUE;FALSE;270;115;71;11.575;12.177;7;3.393;71;71;335;0;76,45 %;23.752;13.230;55,70 %;13.153;69;113;5.097;7.943;0,85 %;0,52 %;38,53 %;60,04 %;99,94 %;-8
12;CESAR;375;CHIRIGUANA;CHIRIGUANA;31.100;80,49 %;-2.988;FALSE;FALSE;1.131;27;73;12.462;12.571;6;4.172;73;73;343;0;80,49 %;25.033;13.933;55,66 %;13.838;86;108;8.359;5.371;0,78 %;0,62 %;59,99 %;38,55 %;99,94 %;-9
17;CHOCO;10;BAJO BAUDO (PIZARRO);BAJO BAUDO (PIZARRO);31.190;39,95 %;-4.016;FALSE;FALSE;4.840;6;45;5.800;6.660;17;733;45;45;277;0;39,95 %;12.460;5.027;40,35 %;4.988;30;22;4.491;475;0,44 %;0,60 %;89,34 %;9,45 %;99,82 %;-9
13;CORDOBA;27;MOÑITOS;MOÑITOS;31.243;71,71 %;109;TRUE;FALSE;180;174;68;10.906;11.499;12;1.867;68;68;329;0;71,71 %;22.405;13.150;58,69 %;13.088;39;77;6.451;6.560;0,59 %;0,30 %;49,06 %;49,89 %;99,83 %;-23
29;TOLIMA;55;FRESNO;FRESNO;31.422;90,67 %;6.015;TRUE;FALSE;208;151;90;13.548;14.943;18;1.583;90;90;317;0;90,67 %;28.491;16.290;57,18 %;16.003;239;308;4.840;10.855;1,89 %;1,47 %;29,71 %;66,64 %;99,71 %;-48
17;CHOCO;19;ISTMINA;ISTMINA;31.532;77,17 %;-8.001;FALSE;FALSE;2.480;13;80;12.544;11.788;20;1.217;80;80;304;0;77,17 %;24.332;11.822;48,59 %;11.644;146;115;9.765;1.764;0,97 %;1,23 %;82,60 %;14,92 %;99,73 %;-32
3;ATLANTICO;19;LURUACO;LURUACO;31.580;83,58 %;-316;FALSE;FALSE;246;128;77;12.957;13.436;6;4.399;77;77;343;0;83,58 %;26.393;13.710;51,95 %;13.616;70;102;6.915;6.599;0,74 %;0,51 %;50,44 %;48,13 %;99,82 %;-24
1;ANTIOQUIA;64;CACERES;CACERES;31.798;66,30 %;-2.958;FALSE;FALSE;1.996;16;64;9.966;11.115;8;2.635;64;64;329;0;66,30 %;21.081;8.800;41,74 %;8.705;66;135;5.764;2.806;1,53 %;0,75 %;65,50 %;31,89 %;99,67 %;-29
23;NARIÑO;79;LA UNION;LA UNION;31.816;75,87 %;-2.823;FALSE;FALSE;125;255;81;12.165;11.973;26;928;81;81;298;0;75,87 %;24.138;16.759;69,43 %;16.398;311;247;9.487;6.664;1,47 %;1,86 %;56,61 %;39,76 %;99,70 %;-50
28;SUCRE;280;SUCRE;SUCRE;31.864;67,45 %;2.503;TRUE;FALSE;1.110;29;78;9.582;11.911;36;597;78;78;276;0;67,45 %;21.493;11.465;53,34 %;11.420;25;85;4.416;6.919;0,74 %;0,22 %;38,52 %;60,35 %;99,83 %;-20
1;ANTIOQUIA;37;ARBOLETES;ARBOLETES;31.953;73,39 %;1.672;TRUE;FALSE;718;45;72;11.432;12.019;9;2.606;72;72;326;0;73,39 %;23.451;12.504;53,32 %;12.422;57;114;5.318;6.990;0,91 %;0,46 %;42,53 %;55,90 %;99,80 %;-25
15;CUNDINAMARCA;250;SOPO;SOPO;31.990;66,02 %;-1.721;FALSE;FALSE;111;288;64;10.826;10.293;6;3.520;64;64;330;0;66,02 %;21.119;16.969;80,35 %;16.770;191;381;9.055;7.334;2,25 %;1,13 %;53,36 %;43,22 %;99,95 %;-8
19;HUILA;22;CAMPOALEGRE;CAMPOALEGRE;32.108;81,53 %;2.465;TRUE;FALSE;661;49;78;13.235;12.944;7;3.740;78;78;336;0;81,53 %;26.179;17.619;67,30 %;17.299;299;270;7.282;9.747;1,53 %;1,70 %;41,33 %;55,32 %;99,88 %;-21
15;CUNDINAMARCA;328;VILLETA;VILLETA;32.125;79,11 %;7.869;TRUE;TRUE;141;228;77;12.568;12.847;10;2.542;77;77;330;0;79,11 %;25.415;17.641;69,41 %;17.490;134;255;4.683;12.552;1,45 %;0,76 %;26,55 %;71,15 %;99,90 %;-17
44;CAQUETA;3;CARTAGENA DEL CHAIRA;CARTAGENA DEL CHAIRA;32.164;77,27 %;-6.579;FALSE;FALSE;12.860;3;73;11.292;13.560;8;3.107;73;73;340;0;77,27 %;24.852;17.638;70,97 %;17.155;335;680;11.527;4.948;3,86 %;1,90 %;65,35 %;28,05 %;99,16 %;-148
3;ATLANTICO;28;PALMAR DE VARELA;PALMAR DE VARELA;32.328;73,19 %;-5.414;FALSE;FALSE;94;344;68;11.986;11.675;5;4.732;68;68;348;0;73,19 %;23.661;15.019;63,48 %;14.964;41;128;10.125;4.711;0,85 %;0,27 %;67,41 %;31,37 %;99,91 %;-14
1;ANTIOQUIA;283;URRAO;URRAO;32.336;80,47 %;6.056;TRUE;TRUE;2.556;13;78;12.739;13.283;9;2.891;78;78;334;0;80,47 %;26.022;12.217;46,95 %;12.072;109;226;2.895;8.951;1,85 %;0,89 %;23,70 %;73,27 %;99,71 %;-36
26;QUINDIO;80;QUIMBAYA;QUIMBAYA;32.378;95,88 %;2.494;TRUE;FALSE;126;257;92;15.571;15.473;15;2.070;92;92;337;0;95,88 %;31.044;17.573;56,61 %;17.255;260;295;7.233;9.727;1,68 %;1,48 %;41,16 %;55,35 %;99,67 %;-58
1;ANTIOQUIA;13;AMAGA;AMAGA;32.762;75,61 %;3.268;TRUE;FALSE;85;385;74;12.570;12.202;9;2.752;74;74;335;0;75,61 %;24.772;14.691;59,30 %;14.477;180;253;5.478;8.746;1,72 %;1,23 %;37,29 %;59,53 %;99,77 %;-34
11;CAUCA;10;BUENOS AIRES;BUENOS AIRES;32.827;56,33 %;-4.372;FALSE;FALSE;410;80;61;9.278;9.215;17;1.088;61;61;303;0;56,33 %;18.493;14.078;76,13 %;13.391;585;387;8.688;4.316;2,75 %;4,16 %;61,71 %;30,66 %;99,28 %;-102
11;CAUCA;49;MIRANDA;MIRANDA;32.861;67,57 %;-9.924;FALSE;FALSE;189;174;70;11.799;10.404;13;1.708;70;70;317;0;67,57 %;22.203;16.396;73,85 %;16.242;136;174;12.996;3.072;1,06 %;0,83 %;79,26 %;18,74 %;99,89 %;-18
21;MAGDALENA;12;ARIGUANI (EL DIFICIL);ARIGUANI (EL DIFICIL);32.896;74,88 %;655;TRUE;FALSE;1.132;29;73;11.772;12.861;8;3.079;73;73;337;0;74,88 %;24.633;13.734;55,75 %;13.608;105;147;6.403;7.058;1,07 %;0,76 %;46,62 %;51,39 %;99,85 %;-21
28;SUCRE;260;SINCE;SINCE;32.990;84,30 %;-515;FALSE;FALSE;410;80;88;13.516;14.295;14;1.987;88;88;316;0;84,30 %;27.811;16.416;59,03 %;16.287;110;154;8.324;7.809;0,94 %;0,67 %;50,71 %;47,57 %;99,88 %;-19
29;TOLIMA;58;GUAMO;GUAMO;33.014;80,18 %;6.123;TRUE;FALSE;561;59;83;13.399;13.072;13;2.036;83;83;319;0;80,18 %;26.471;17.066;64,47 %;16.866;168;195;5.274;11.397;1,14 %;0,98 %;30,90 %;66,78 %;99,81 %;-32
12;CESAR;410;EL COPEY;EL COPEY;33.217;78,82 %;-4.059;FALSE;FALSE;968;34;78;12.846;13.336;8;3.273;78;78;336;0;78,82 %;26.182;14.964;57,15 %;14.876;65;127;9.404;5.345;0,85 %;0,43 %;62,84 %;35,72 %;99,85 %;-23
21;MAGDALENA;55;PUEBLOVIEJO;PUEBLOVIEJO;33.310;68,50 %;-3.395;FALSE;FALSE;691;48;69;11.351;11.466;9;2.535;69;69;331;0;68,50 %;22.817;11.142;48,83 %;11.027;95;94;7.164;3.769;0,84 %;0,85 %;64,30 %;33,83 %;99,82 %;-20
11;CAUCA;87;SUAREZ;SUAREZ;33.316;57,27 %;-5.567;FALSE;FALSE;194;172;62;9.176;9.905;16;1.193;62;62;308;0;57,27 %;19.081;14.088;73,83 %;13.391;648;322;9.318;3.751;2,29 %;4,60 %;66,14 %;26,63 %;99,65 %;-49
3;ATLANTICO;49;SANTO TOMAS;SANTO TOMAS;33.330;82,63 %;-5.658;FALSE;FALSE;66;505;80;13.802;13.738;5;5.508;80;80;344;0;82,63 %;27.540;16.838;61,14 %;16.761;64;139;11.140;5.482;0,83 %;0,38 %;66,16 %;32,56 %;99,92 %;-13
27;SANTANDER;13;BARBOSA;BARBOSA;33.510;81,29 %;3.987;TRUE;FALSE;46;728;80;13.852;13.387;7;3.891;80;80;340;0;81,29 %;27.239;18.344;67,34 %;18.167;159;230;6.975;10.962;1,25 %;0,87 %;38,02 %;59,76 %;99,90 %;-18
1;ANTIOQUIA;237;SAN PEDRO DE URABA;SAN PEDRO DE URABA;33.667;87,84 %;6.279;TRUE;TRUE;479;70;90;14.047;15.526;14;2.112;90;90;329;0;87,84 %;29.573;14.123;47,76 %;14.031;56;188;3.782;10.061;1,33 %;0,40 %;26,78 %;71,24 %;99,75 %;-36
48;LA GUAJIRA;2;ALBANIA;ALBANIA;33.946;65,40 %;-5.989;FALSE;FALSE;167;203;65;10.759;11.442;5;4.440;65;65;342;0;65,40 %;22.201;12.044;54,25 %;11.907;103;70;8.913;2.924;0,58 %;0,86 %;74,00 %;24,28 %;99,72 %;-34
31;VALLE;61;GUACARI;GUACARI;34.243;88,76 %;-9.725;FALSE;FALSE;167;205;92;15.684;14.711;13;2.338;92;92;330;0;88,76 %;30.395;20.314;66,83 %;20.145;145;162;14.854;5.129;0,80 %;0,71 %;73,12 %;25,25 %;99,88 %;-24
27;SANTANDER;193;SAN VICENTE DE CHUCURI;SAN VICENTE DE CHUCURI;34.468;73,08 %;8.575;TRUE;TRUE;1.195;29;80;11.542;13.647;18;1.399;80;80;315;0;73,08 %;25.189;16.284;64,65 %;16.115;151;222;3.659;12.234;1,36 %;0,93 %;22,47 %;75,13 %;99,89 %;-18
27;SANTANDER;199;SOCORRO;SOCORRO;34.511;74,05 %;9.047;TRUE;TRUE;122;283;74;13.203;12.352;5;5.111;74;74;345;0;74,05 %;25.555;18.118;70,90 %;18.020;87;249;4.362;13.409;1,37 %;0,48 %;24,08 %;74,01 %;99,94 %;-11
19;HUILA;70;SAN AGUSTIN;SAN AGUSTIN;34.541;80,11 %;4.708;TRUE;FALSE;1.310;26;84;13.575;14.095;9;3.074;84;84;329;0;80,11 %;27.670;18.108;65,44 %;17.940;122;266;6.483;11.191;1,47 %;0,67 %;35,80 %;61,80 %;99,75 %;-46
29;TOLIMA;85;ORTEGA;ORTEGA;34.574;68,26 %;2.453;TRUE;FALSE;965;36;80;10.862;12.737;22;1.073;80;80;295;0;68,26 %;23.599;13.623;57,73 %;13.460;124;121;5.443;7.896;0,89 %;0,91 %;39,95 %;57,96 %;99,71 %;-39
25;NORTE DE SAN;4;ABREGO;ABREGO;34.732;73,44 %;10.105;TRUE;TRUE;1.582;22;87;12.328;13.180;25;1.020;87;87;293;0;73,44 %;25.508;15.866;62,20 %;15.770;64;151;2.757;12.862;0,95 %;0,40 %;17,38 %;81,07 %;99,80 %;-32
27;SANTANDER;169;PUERTO WILCHES;PUERTO WILCHES;35.097;75,33 %;-3.566;FALSE;FALSE;1.539;23;84;12.352;14.087;22;1.202;84;84;315;0;75,33 %;26.439;17.329;65,54 %;17.159;138;149;10.288;6.722;0,86 %;0,80 %;59,37 %;38,79 %;99,82 %;-32
31;VALLE;70;LA UNION;LA UNION;35.183;80,18 %;6.356;TRUE;FALSE;125;281;86;14.734;13.477;13;2.170;86;86;328;0;80,18 %;28.211;17.383;61,62 %;17.098;260;316;5.213;11.569;1,82 %;1,50 %;29,99 %;66,55 %;99,86 %;-25
28;SUCRE;300;TOLU;TOLU;35.280;74,48 %;-8.869;FALSE;FALSE;301;117;80;13.251;13.024;11;2.389;80;80;328;0;74,48 %;26.275;16.621;63,26 %;16.520;87;103;12.643;3.774;0,62 %;0,52 %;76,07 %;22,71 %;99,92 %;-14
27;SANTANDER;45;CIMITARRA;CIMITARRA;35.307;84,37 %;4.675;TRUE;FALSE;3.164;11;94;13.414;16.374;22;1.354;94;94;317;0;84,37 %;29.788;16.878;56,66 %;16.597;241;224;5.849;10.524;1,33 %;1,43 %;34,65 %;62,35 %;99,76 %;-40
7;BOYACA;181;PAIPA;PAIPA;35.370;86,87 %;2.067;TRUE;FALSE;305;116;90;15.912;14.814;7;4.389;90;90;341;0;86,87 %;30.726;23.291;75,80 %;23.041;245;424;10.275;12.342;1,82 %;1,05 %;44,12 %;52,99 %;99,98 %;-5
27;SANTANDER;174;SABANA DE TORRES;SABANA DE TORRES;35.463;72,18 %;2.982;TRUE;FALSE;1.428;25;74;12.241;13.357;4;6.400;74;74;346;0;72,18 %;25.598;16.664;65,10 %;16.409;233;233;6.597;9.579;1,40 %;1,40 %;39,59 %;57,48 %;99,87 %;-22
50;GUAINIA;1;INIRIDA;INIRIDA;35.499;78,53 %;-2.183;FALSE;FALSE;16.165;2;84;13.310;14.569;9;3.098;84;84;332;0;78,53 %;27.879;11.772;42,23 %;11.671;71;162;6.846;4.663;1,38 %;0,60 %;58,15 %;39,61 %;99,75 %;-30
13;CORDOBA;43;SAN ANTERO;SAN ANTERO;35.790;69,71 %;-904;FALSE;FALSE;191;187;75;12.764;12.185;10;2.495;75;75;333;0;69,71 %;24.949;15.553;62,34 %;15.462;61;142;8.112;7.208;0,91 %;0,39 %;52,16 %;46,34 %;99,81 %;-30
5;BOLIVAR;95;SANTA ROSA DEL SUR;SANTA ROSA DEL SUR;35.806;77,72 %;8.388;TRUE;TRUE;2.200;16;87;13.113;14.715;19;1.465;87;87;320;0;77,72 %;27.828;16.373;58,84 %;16.219;130;285;3.773;12.161;1,74 %;0,79 %;23,04 %;74,27 %;99,85 %;-24
64;PUTUMAYO;28;VALLE DEL GUAMUEZ (LA HORMIGA);VALLE DEL GUAMUEZ (LA HORMIGA);36.101;84,34 %;-14.648;FALSE;FALSE;873;41;93;14.790;15.658;12;2.537;93;93;327;0;84,34 %;30.448;19.389;63,68 %;19.238;122;222;16.832;2.184;1,14 %;0,63 %;86,81 %;11,26 %;99,85 %;-29
26;QUINDIO;50;LA TEBAIDA;LA TEBAIDA;36.192;85,46 %;-300;FALSE;FALSE;89;407;91;15.907;15.023;6;5.155;91;91;340;0;85,46 %;30.930;18.662;60,34 %;18.237;374;329;9.104;8.804;1,76 %;2,00 %;48,78 %;47,18 %;99,73 %;-51
15;CUNDINAMARCA;139;LA CALERA;LA CALERA;36.304;70,67 %;1.610;TRUE;FALSE;485;75;77;12.784;12.873;8;3.207;77;77;333;0;70,67 %;25.657;19.157;74,67 %;18.962;185;428;8.462;10.072;2,23 %;0,97 %;44,17 %;52,58 %;99,95 %;-10
29;TOLIMA;73;LIBANO;LIBANO;36.499;93,37 %;-1.296;FALSE;FALSE;280;130;102;16.598;17.482;18;1.893;102;102;334;0;93,37 %;34.080;19.872;58,31 %;19.526;305;290;10.266;8.970;1,46 %;1,53 %;51,66 %;45,14 %;99,79 %;-41
3;ATLANTICO;43;SABANAGRANDE;SABANAGRANDE;36.549;72,30 %;-5.154;FALSE;FALSE;43;850;77;13.287;13.139;5;5.285;77;77;343;0;72,30 %;26.426;16.437;62,20 %;16.365;51;141;10.689;5.535;0,86 %;0,31 %;65,03 %;33,67 %;99,87 %;-21
15;CUNDINAMARCA;115;GUADUAS;GUADUAS;36.630;61,83 %;4.850;TRUE;FALSE;757;48;73;11.196;11.453;14;1.618;73;73;310;0;61,83 %;22.649;15.132;66,81 %;14.964;148;232;4.941;9.791;1,53 %;0,98 %;32,65 %;64,70 %;99,87 %;-20
46;CASANARE;880;VILLANUEVA;VILLANUEVA;36.963;77,51 %;6.177;TRUE;FALSE;99;373;85;13.939;14.710;7;4.093;85;85;337;0;77,51 %;28.649;20.721;72,33 %;20.277;419;354;6.873;13.050;1,71 %;2,02 %;33,17 %;62,98 %;99,88 %;-25
23;NARIÑO;37;CUMBAL;CUMBAL;37.116;71,64 %;-13.130;FALSE;FALSE;677;55;80;13.677;12.912;9;2.954;80;80;332;0;71,64 %;26.589;19.868;74,72 %;19.739;82;131;16.369;3.239;0,66 %;0,41 %;82,39 %;16,30 %;99,76 %;-47
13;CORDOBA;61;VALENCIA;VALENCIA;37.118;77,74 %;-196;FALSE;FALSE;914;41;90;13.960;14.897;17;1.697;90;90;321;0;77,74 %;28.857;15.983;55,39 %;15.899;52;129;7.983;7.787;0,81 %;0,33 %;49,95 %;48,72 %;99,80 %;-32
11;CAUCA;88;TIMBIO;TIMBIO;37.168;77,62 %;-5.705;FALSE;FALSE;205;181;89;14.612;14.238;16;1.803;89;89;324;0;77,62 %;28.850;21.180;73,41 %;20.784;353;355;13.067;7.362;1,68 %;1,67 %;61,69 %;34,76 %;99,80 %;-43
13;CORDOBA;31;PUEBLO NUEVO;PUEBLO NUEVO;37.264;74,61 %;-160;FALSE;FALSE;715;52;89;13.441;14.362;22;1.264;89;89;312;0;74,61 %;27.803;17.308;62,25 %;17.212;75;168;8.602;8.442;0,97 %;0,43 %;49,70 %;48,78 %;99,88 %;-21
68;VAUPES;1;MITU;MITU;37.424;53,42 %;-5.677;FALSE;FALSE;16.422;2;64;9.269;10.724;16;1.250;64;64;312;0;53,42 %;19.993;9.491;47,47 %;9.431;32;112;7.498;1.821;1,18 %;0,34 %;79,00 %;19,19 %;99,70 %;-28
31;VALLE;91;ROLDANILLO;ROLDANILLO;37.515;84,04 %;2.302;TRUE;FALSE;217;173;106;16.671;14.858;31;1.017;106;106;297;0;84,04 %;31.529;20.792;65,95 %;20.570;205;294;8.987;11.289;1,41 %;0,99 %;43,22 %;54,29 %;99,92 %;-17
11;CAUCA;94;TORIBIO;TORIBIO;37.585;57,34 %;-15.825;FALSE;FALSE;412;91;67;10.766;10.784;10;2.155;67;67;322;0;57,34 %;21.550;18.101;84,00 %;17.958;118;131;16.826;1.001;0,72 %;0,65 %;92,96 %;5,53 %;99,86 %;-25
9;CALDAS;7;ANSERMA;ANSERMA;37.693;78,13 %;6.241;TRUE;FALSE;206;183;92;14.603;14.847;21;1.402;92;92;320;0;78,13 %;29.450;17.653;59,94 %;17.244;352;379;5.312;11.553;2,15 %;1,99 %;30,09 %;65,44 %;99,68 %;-57
13;CORDOBA;46;SAN BERNARDO DEL VIENTO;SAN BERNARDO DEL VIENTO;37.866;76,54 %;-5.059;FALSE;FALSE;321;118;92;13.997;14.986;19;1.525;92;92;315;0;76,54 %;28.983;15.601;53,83 %;15.527;49;122;10.232;5.173;0,78 %;0,31 %;65,59 %;33,16 %;99,84 %;-25
11;CAUCA;7;BOLIVAR;BOLIVAR;37.885;78,71 %;-17.852;FALSE;FALSE;602;63;122;14.434;15.386;79;377;122;122;244;0;78,71 %;29.820;22.372;75,02 %;21.504;791;544;19.406;1.554;2,43 %;3,54 %;86,74 %;6,95 %;99,66 %;-77
29;TOLIMA;79;MELGAR;MELGAR;37.968;86,57 %;7.439;TRUE;FALSE;215;177;99;16.642;16.226;10;3.287;99;99;332;0;86,57 %;32.868;21.196;64,49 %;20.983;195;278;6.633;14.072;1,31 %;0,92 %;31,29 %;66,39 %;99,92 %;-18
12;CESAR;300;CHIMICHAGUA;CHIMICHAGUA;38.023;68,87 %;1.504;TRUE;FALSE;1.569;24;84;12.494;13.692;21;1.247;84;84;312;0;68,87 %;26.186;14.234;54,36 %;14.164;58;84;6.288;7.792;0,59 %;0,41 %;44,18 %;54,74 %;99,92 %;-12
46;CASANARE;680;PAZ DE ARIPORO (MORENO);PAZ DE ARIPORO (MORENO);38.151;74,13 %;11.136;TRUE;TRUE;13.793;3;86;13.840;14.440;11;2.571;86;86;329;0;74,13 %;28.280;19.629;69,41 %;19.455;144;241;4.039;15.175;1,23 %;0,73 %;20,58 %;77,31 %;99,85 %;-30
64;PUTUMAYO;25;PUERTO GUZMAN;PUERTO GUZMAN;38.190;33,68 %;-3.663;FALSE;FALSE;4.340;9;44;5.711;7.152;14;919;44;44;292;0;33,68 %;12.863;7.509;58,38 %;7.409;85;126;5.473;1.810;1,68 %;1,13 %;72,89 %;24,10 %;99,80 %;-15
1;ANTIOQUIA;262;SONSON;SONSON;38.357;73,45 %;12.007;TRUE;TRUE;1.323;29;95;13.912;14.260;28;1.006;95;95;297;0;73,45 %;28.172;17.663;62,70 %;17.462;164;277;2.589;14.596;1,57 %;0,93 %;14,66 %;82,64 %;99,79 %;-37
1;ANTIOQUIA;256;SANTUARIO;SANTUARIO;38.386;81,13 %;16.160;TRUE;TRUE;226;170;91;16.186;14.958;7;4.449;91;91;342;0;81,13 %;31.144;23.054;74,02 %;22.877;149;327;3.195;19.355;1,42 %;0,65 %;13,86 %;83,96 %;99,88 %;-28
11;CAUCA;58;PATIA (EL BORDO);PATIA (EL BORDO);38.397;73,96 %;-11.513;FALSE;FALSE;723;53;95;13.985;14.415;28;1.014;95;95;299;0;73,96 %;28.400;20.914;73,64 %;20.355;484;354;15.757;4.244;1,69 %;2,31 %;75,34 %;20,29 %;99,64 %;-75
29;TOLIMA;76;MARIQUITA;MARIQUITA;38.624;78,71 %;2.007;TRUE;FALSE;379;102;91;15.367;15.033;8;3.800;91;91;334;0;78,71 %;30.400;18.693;61,49 %;18.375;286;294;8.037;10.044;1,57 %;1,53 %;42,99 %;53,73 %;99,83 %;-32
46;CASANARE;40;AGUAZUL;AGUAZUL;38.828;76,40 %;6.874;TRUE;FALSE;1.455;27;88;14.599;15.067;13;2.282;88;88;337;0;76,40 %;29.666;22.000;74,16 %;21.581;386;375;7.166;14.040;1,70 %;1,75 %;32,57 %;63,82 %;99,85 %;-33
11;CAUCA;82;SILVIA;SILVIA;38.987;63,09 %;-10.714;FALSE;FALSE;662;59;80;12.402;12.196;23;1.069;80;80;307;0;63,09 %;24.598;17.269;70,20 %;16.936;282;198;13.726;3.012;1,15 %;1,63 %;79,48 %;17,44 %;99,70 %;-51
26;QUINDIO;60;MONTENEGRO;MONTENEGRO;39.007;90,30 %;3.367;TRUE;FALSE;198;197;105;17.562;17.661;10;3.522;105;105;335;0;90,30 %;35.223;19.908;56,52 %;19.394;458;401;7.813;11.180;2,01 %;2,30 %;39,25 %;56,16 %;99,72 %;-56
28;SUCRE;60;MAJAGUAL;MAJAGUAL;39.611;76,17 %;6.393;TRUE;FALSE;826;48;101;13.808;16.365;30;1.006;101;101;299;0;76,17 %;30.173;17.041;56,48 %;16.956;48;145;5.209;11.602;0,85 %;0,28 %;30,57 %;68,08 %;99,78 %;-37
1;ANTIOQUIA;250;SANTA ROSA DE OSOS;SANTA ROSA DE OSOS;39.667;74,53 %;9.738;TRUE;TRUE;805;49;91;14.699;14.863;14;2.112;91;91;325;0;74,53 %;29.562;17.895;60,53 %;17.546;283;454;3.677;13.415;2,54 %;1,58 %;20,55 %;74,97 %;99,63 %;-66
15;CUNDINAMARCA;142;LA MESA;LA MESA;39.847;71,28 %;4.613;TRUE;FALSE;148;269;86;14.302;14.100;8;3.550;86;86;330;0;71,28 %;28.402;19.492;68,63 %;19.293;177;296;7.192;11.805;1,52 %;0,91 %;36,90 %;60,56 %;99,89 %;-22
5;BOLIVAR;79;SAN JUAN NEPOMUCENO;SAN JUAN NEPOMUCENO;39.900;82,22 %;2.213;TRUE;FALSE;675;59;98;15.774;17.033;14;2.343;98;98;335;0;82,22 %;32.807;17.980;54,81 %;17.867;85;198;7.728;9.941;1,10 %;0,47 %;42,98 %;55,29 %;99,84 %;-28
21;MAGDALENA;49;PIVIJAY;PIVIJAY;40.323;77,15 %;-3.395;FALSE;FALSE;1.636;25;94;14.865;16.244;17;1.830;94;94;331;0;77,15 %;31.109;16.891;54,30 %;16.770;91;141;10.012;6.617;0,83 %;0,54 %;59,27 %;39,17 %;99,82 %;-30
48;LA GUAJIRA;4;BARRANCAS;BARRANCAS;40.338;67,82 %;-6.219;FALSE;FALSE;742;54;82;13.645;13.711;10;2.736;82;82;334;0;67,82 %;27.356;15.626;57,12 %;15.559;59;100;10.839;4.620;0,64 %;0,38 %;69,37 %;29,57 %;99,95 %;-8
64;PUTUMAYO;23;ORITO;ORITO;40.347;78,98 %;-15.690;FALSE;FALSE;2.026;20;98;15.590;16.277;13;2.451;98;98;325;0;78,98 %;31.867;21.439;67,28 %;21.253;160;187;18.378;2.688;0,87 %;0,75 %;85,72 %;12,54 %;99,88 %;-26
15;CUNDINAMARCA;239;SIBATE;SIBATE;40.430;69,52 %;-1.681;FALSE;FALSE;126;321;83;14.144;13.963;7;4.015;83;83;339;0;69,52 %;28.107;20.342;72,37 %;20.066;259;335;10.706;9.025;1,65 %;1,27 %;52,63 %;44,37 %;99,92 %;-17
15;CUNDINAMARCA;46;COTA;COTA;40.807;77,33 %;5.455;TRUE;FALSE;106;385;90;16.012;15.546;5;6.312;90;90;351;0;77,33 %;31.558;23.376;74,07 %;23.161;202;556;8.575;14.030;2,38 %;0,86 %;36,68 %;60,02 %;99,94 %;-13
11;CAUCA;52;MORALES;MORALES;41.057;56,71 %;-7.586;FALSE;FALSE;265;155;75;11.098;12.187;19;1.226;75;75;310;0;56,71 %;23.285;17.759;76,27 %;17.411;294;331;12.333;4.747;1,86 %;1,66 %;69,45 %;26,73 %;99,70 %;-54
1;ANTIOQUIA;259;SEGOVIA;SEGOVIA;41.241;81,50 %;-5.210;FALSE;FALSE;1.231;34;99;16.369;17.242;8;4.201;99;99;340;0;81,50 %;33.611;15.626;46,49 %;15.383;200;521;10.036;4.826;3,33 %;1,28 %;64,23 %;30,88 %;99,72 %;-43
12;CESAR;225;CURUMANI;CURUMANI;41.632;75,22 %;-2.087;FALSE;FALSE;931;45;96;15.570;15.747;12;2.610;96;96;326;0;75,22 %;31.317;18.011;57,51 %;17.794;202;201;9.840;7.753;1,12 %;1,12 %;54,63 %;43,05 %;99,92 %;-15
31;VALLE;97;SEVILLA;SEVILLA;41.968;89,74 %;706;TRUE;FALSE;639;66;119;18.625;19.039;33;1.141;119;119;317;0;89,74 %;37.664;20.958;55,64 %;20.518;379;382;9.715;10.421;1,82 %;1,81 %;46,35 %;49,72 %;99,71 %;-61
1;ANTIOQUIA;205;PUERTO BERRIO;PUERTO BERRIO;42.638;81,87 %;1.863;TRUE;FALSE;1.184;36;107;16.439;18.467;14;2.493;107;107;326;0;81,87 %;34.906;16.875;48,34 %;16.649;187;312;7.237;9.100;1,85 %;1,11 %;42,89 %;53,93 %;99,77 %;-39
11;CAUCA;16;CALDONO;CALDONO;42.784;61,55 %;-14.872;FALSE;FALSE;379;113;81;13.105;13.229;11;2.394;81;81;325;0;61,55 %;26.334;20.301;77,09 %;20.020;251;164;17.364;2.492;0,81 %;1,24 %;85,53 %;12,28 %;99,85 %;-30
11;CAUCA;64;PUERTO TEJADA;PUERTO TEJADA;42.799;83,72 %;-17.282;FALSE;FALSE;368;116;104;19.932;15.898;14;2.559;104;104;345;0;83,72 %;35.830;23.886;66,66 %;23.640;229;232;20.345;3.063;0,97 %;0,96 %;85,18 %;12,82 %;99,93 %;-17
11;CAUCA;61;PIENDAMO;PIENDAMO;42.853;75,55 %;-5.313;FALSE;FALSE;197;218;102;16.399;15.976;25;1.295;102;102;317;0;75,55 %;32.375;22.036;68,06 %;21.661;333;340;13.317;8.004;1,54 %;1,51 %;60,43 %;36,32 %;99,81 %;-42
12;CESAR;415;EL PASO;EL PASO;42.890;69,72 %;-6.673;FALSE;FALSE;823;52;87;14.588;15.315;6;4.984;87;87;344;0;69,72 %;29.903;18.827;62,96 %;18.687;116;168;12.596;5.923;0,89 %;0,62 %;66,90 %;31,46 %;99,87 %;-24
21;MAGDALENA;10;ARACATACA;ARACATACA;42.930;71,27 %;-5.226;FALSE;FALSE;1.775;24;93;15.079;15.519;13;2.354;93;93;329;0;71,27 %;30.598;15.976;52,21 %;15.869;89;131;10.482;5.256;0,82 %;0,56 %;65,61 %;32,90 %;99,89 %;-18
31;VALLE;124;ZARZAL;ZARZAL;43.247;92,52 %;-8.365;FALSE;FALSE;362;119;120;21.077;18.936;14;2.858;120;120;333;0;92,52 %;40.013;24.492;61,21 %;24.274;201;279;16.180;7.815;1,14 %;0,82 %;66,06 %;31,91 %;99,93 %;-17
11;CAUCA;13;CAJIBIO;CAJIBIO;43.873;61,05 %;-7.153;FALSE;FALSE;747;59;83;12.754;14.029;17;1.575;83;83;323;0;61,05 %;26.783;20.002;74,68 %;19.358;501;409;13.051;5.898;2,04 %;2,50 %;65,25 %;29,49 %;99,29 %;-143
48;LA GUAJIRA;5;DIBULLA;DIBULLA;44.251;55,33 %;-3.802;FALSE;FALSE;1.633;27;74;11.715;12.771;10;2.449;74;74;331;0;55,33 %;24.486;11.453;46,77 %;11.378;62;112;7.534;3.732;0,98 %;0,54 %;65,78 %;32,59 %;99,89 %;-13
13;CORDOBA;32;PUERTO LIBERTADOR;PUERTO LIBERTADOR;44.512;73,47 %;-9.404;FALSE;FALSE;2.062;22;99;15.312;17.392;16;2.044;99;99;330;0;73,47 %;32.704;19.445;59,46 %;19.305;100;293;14.208;4.804;1,51 %;0,51 %;73,07 %;24,71 %;99,79 %;-40
52;META;43;PUERTO GAITAN;PUERTO GAITAN;44.644;128,91 %;-2.576;FALSE;FALSE;17.499;3;174;22.953;34.599;22;2.616;174;174;331;0;128,91 %;57.552;35.756;62,13 %;34.809;881;547;18.419;15.843;1,53 %;2,46 %;51,51 %;44,31 %;99,82 %;-66
23;NARIÑO;142;TUQUERRES;TUQUERRES;44.667;80,89 %;-15.722;FALSE;FALSE;227;197;115;18.501;17.632;20;1.807;115;115;314;0;80,89 %;36.133;25.415;70,34 %;25.110;257;212;20.310;4.588;0,83 %;1,01 %;79,91 %;18,05 %;99,81 %;-48
1;ANTIOQUIA;295;YARUMAL;YARUMAL;44.696;78,95 %;7.632;TRUE;FALSE;724;62;108;17.897;17.389;17;2.076;108;108;327;0;78,95 %;35.286;18.465;52,33 %;18.110;285;508;4.985;12.617;2,75 %;1,54 %;27,00 %;68,33 %;99,62 %;-70
27;SANTANDER;121;LEBRIJA;LEBRIJA;45.329;82,51 %;13.698;TRUE;TRUE;549;83;114;17.825;19.575;24;1.558;114;114;328;0;82,51 %;37.400;25.834;69,07 %;25.638;178;362;5.789;19.487;1,40 %;0,69 %;22,41 %;75,43 %;99,93 %;-18
12;CESAR;200;BOSCONIA;BOSCONIA;45.481;73,91 %;-3.562;FALSE;FALSE;609;75;97;16.500;17.116;5;6.723;97;97;347;0;73,91 %;33.616;19.101;56,82 %;18.966;106;198;11.165;7.603;1,04 %;0,55 %;58,45 %;39,80 %;99,85 %;-29
1;ANTIOQUIA;192;NECOCLI;NECOCLI;46.213;87,48 %;3.503;TRUE;FALSE;1.361;34;119;19.959;20.466;11;3.675;119;119;340;0;87,48 %;40.425;20.273;50,15 %;20.091;111;300;8.144;11.647;1,48 %;0,55 %;40,17 %;57,45 %;99,65 %;-71
1;ANTIOQUIA;19;ANDES;ANDES;46.289;78,47 %;11.801;TRUE;TRUE;449;103;111;17.192;19.131;17;2.137;111;111;327;0;78,47 %;36.323;19.847;54,64 %;19.670;136;323;3.773;15.574;1,63 %;0,69 %;19,01 %;78,47 %;99,79 %;-41
48;LA GUAJIRA;7;FONSECA;FONSECA;46.855;69,14 %;-6.996;FALSE;FALSE;662;71;99;16.522;15.873;14;2.314;99;99;327;0;69,14 %;32.395;18.996;58,64 %;18.896;92;190;12.851;5.855;1,00 %;0,48 %;67,65 %;30,82 %;99,96 %;-8
11;CAUCA;55;PAEZ (BELALCAZAR);PAEZ (BELALCAZAR);47.877;47,69 %;-11.235;FALSE;FALSE;1.852;26;82;11.004;11.828;30;761;82;82;278;0;47,69 %;22.832;16.030;70,21 %;15.854;136;139;13.475;2.240;0,87 %;0,85 %;84,06 %;13,97 %;99,75 %;-40
5;BOLIVAR;43;MOMPOS;MOMPOS;48.060;82,87 %;-559;FALSE;FALSE;645;75;127;19.376;20.453;28;1.422;127;127;314;0;82,87 %;39.829;21.172;53,16 %;21.071;82;142;10.744;10.185;0,67 %;0,39 %;50,75 %;48,11 %;99,91 %;-19
13;CORDOBA;4;AYAPEL;AYAPEL;48.255;76,10 %;1.074;TRUE;FALSE;2.098;23;113;17.598;19.126;18;2.040;113;113;325;0;76,10 %;36.724;18.844;51,31 %;18.700;109;172;8.727;9.801;0,91 %;0,58 %;46,31 %;52,01 %;99,81 %;-35
13;CORDOBA;19;CHINU;CHINU;48.733;82,81 %;4.923;TRUE;FALSE;624;78;132;19.812;20.546;43;939;132;132;306;0;82,81 %;40.358;26.953;66,78 %;26.759;163;276;10.780;15.703;1,02 %;0,60 %;40,00 %;58,26 %;99,88 %;-31
13;CORDOBA;40;SAN ANDRES DE SOTAVENTO;SAN ANDRES DE SOTAVENTO;49.067;66,22 %;-6.920;FALSE;FALSE;336;146;97;15.554;16.936;14;2.321;97;97;335;0;66,22 %;32.490;21.601;66,49 %;21.461;101;153;14.114;7.194;0,71 %;0,47 %;65,34 %;33,30 %;99,82 %;-39
31;VALLE;82;PRADERA;PRADERA;49.119;86,57 %;-13.347;FALSE;FALSE;407;121;132;22.239;20.284;32;1.329;132;132;322;0;86,57 %;42.523;26.159;61,52 %;25.877;243;270;19.477;6.130;1,03 %;0,93 %;74,46 %;23,43 %;99,85 %;-39
7;BOYACA;214;PUERTO BOYACA;PUERTO BOYACA;49.232;80,89 %;4.481;TRUE;FALSE;1.472;33;119;19.510;20.314;14;2.845;119;119;335;0;80,89 %;39.824;25.561;64,18 %;24.933;581;360;10.046;14.527;1,41 %;2,27 %;39,30 %;56,83 %;99,82 %;-47
31;VALLE;37;DAGUA;DAGUA;49.986;76,67 %;-2.639;FALSE;FALSE;886;56;122;18.635;19.688;27;1.419;122;122;314;0;76,67 %;38.323;22.132;57,75 %;21.849;229;292;12.098;9.459;1,32 %;1,03 %;54,66 %;42,74 %;99,76 %;-54
5;BOLIVAR;40;MARIA LA BAJA;MARIA LA BAJA;50.182;89,73 %;-8.582;FALSE;FALSE;547;92;138;22.057;22.973;23;1.958;138;138;326;0;89,73 %;45.030;21.267;47,23 %;21.139;96;189;14.766;6.184;0,89 %;0,45 %;69,43 %;29,08 %;99,85 %;-32
15;CUNDINAMARCA;292;TOCANCIPA;TOCANCIPA;50.428;85,51 %;-8.601;FALSE;FALSE;73;691;127;22.371;20.748;11;3.920;127;127;340;0;85,51 %;43.119;34.671;80,41 %;34.124;534;679;21.023;12.422;1,96 %;1,54 %;60,64 %;35,83 %;99,96 %;-13
28;SUCRE;160;SAMPUES;SAMPUES;50.493;72,35 %;-7.882;FALSE;FALSE;209;242;117;17.870;18.663;26;1.405;117;117;312;0;72,35 %;36.533;24.337;66,62 %;24.147;145;203;15.913;8.031;0,83 %;0,60 %;65,39 %;33,00 %;99,82 %;-45
29;TOLIMA;40;CHAPARRAL;CHAPARRAL;51.125;81,74 %;4.548;TRUE;FALSE;2.124;24;122;20.083;21.705;30;1.393;122;122;343;0;81,74 %;41.788;21.949;52,52 %;21.649;253;317;8.392;12.940;1,44 %;1,15 %;38,23 %;58,95 %;99,79 %;-47
40;ARAUCA;5;TAME;TAME;51.308;76,81 %;5.102;TRUE;FALSE;6.457;8;120;19.081;20.331;18;2.190;120;120;328;0;76,81 %;39.412;23.074;58,55 %;22.661;345;477;8.541;13.643;2,07 %;1,50 %;37,02 %;59,13 %;99,71 %;-68
15;CUNDINAMARCA;304;UBATE;UBATE;51.738;71,92 %;7.987;TRUE;FALSE;102;507;113;18.982;18.227;14;2.658;113;113;329;0;71,92 %;37.209;27.420;73,69 %;26.976;426;607;9.191;17.178;2,21 %;1,55 %;33,52 %;62,65 %;99,93 %;-18
48;LA GUAJIRA;13;SAN JUAN DEL CESAR;SAN JUAN DEL CESAR;52.157;70,09 %;3.501;TRUE;FALSE;1.215;43;114;18.728;17.830;28;1.306;114;114;321;0;70,09 %;36.558;22.336;61,10 %;22.176;141;219;9.228;12.729;0,98 %;0,63 %;41,31 %;56,99 %;99,91 %;-19
28;SUCRE;220;SAN ONOFRE;SAN ONOFRE;52.851;89,05 %;-10.037;FALSE;FALSE;1.102;48;154;22.346;24.720;38;1.239;154;154;306;0;89,05 %;47.066;22.719;48,27 %;22.588;92;141;16.242;6.205;0,62 %;0,40 %;71,49 %;27,31 %;99,83 %;-39
60;AMAZONAS;1;LETICIA;LETICIA;53.293;84,86 %;-3.726;FALSE;FALSE;5.832;9;134;22.061;23.163;15;3.015;134;134;337;0;84,86 %;45.224;23.465;51,89 %;23.255;158;339;13.321;9.595;1,44 %;0,67 %;56,77 %;40,89 %;99,78 %;-52
9;CALDAS;103;RIOSUCIO;RIOSUCIO;53.386;77,33 %;1.301;TRUE;FALSE;9.318;6;125;20.812;20.472;20;2.064;125;125;330;0;77,33 %;41.284;26.801;64,92 %;26.177;560;512;12.182;13.483;1,91 %;2,09 %;45,45 %;50,31 %;99,76 %;-64
12;CESAR;608;LA JAGUA DE IBIRICO;LA JAGUA DE IBIRICO;53.480;61,27 %;-4.843;FALSE;FALSE;728;73;97;16.013;16.753;7;4.681;97;97;338;0;61,27 %;32.766;19.325;58,98 %;19.096;212;229;11.855;7.012;1,18 %;1,10 %;61,35 %;36,28 %;99,91 %;-17
1;ANTIOQUIA;80;CAREPA;CAREPA;53.572;92,29 %;-6.925;FALSE;FALSE;380;141;149;23.900;25.540;16;3.090;149;149;332;0;92,29 %;49.440;25.857;52,30 %;25.604;202;441;16.044;9.119;1,71 %;0,78 %;62,05 %;35,27 %;99,80 %;-51
9;CALDAS;34;CHINCHINA;CHINCHINA;53.695;88,88 %;4.370;TRUE;FALSE;112;479;140;24.283;23.440;12;3.977;140;140;341;0;88,88 %;47.723;29.154;61,09 %;28.545;545;535;11.820;16.190;1,84 %;1,87 %;40,54 %;55,53 %;99,78 %;-64
13;CORDOBA;55;SAN PELAYO;SAN PELAYO;54.125;71,77 %;-2.303;FALSE;FALSE;451;120;116;19.161;19.684;14;2.775;116;116;335;0;71,77 %;38.845;25.311;65,16 %;25.196;87;177;13.661;11.358;0,70 %;0,34 %;53,97 %;44,87 %;99,89 %;-28
44;CAQUETA;10;SAN VICENTE DEL CAGUAN;SAN VICENTE DEL CAGUAN;54.304;77,37 %;-8.454;FALSE;FALSE;21.923;2;129;19.897;22.119;26;1.616;129;129;326;0;77,37 %;42.016;31.343;74,60 %;30.673;537;979;19.074;10.620;3,12 %;1,71 %;60,86 %;33,88 %;99,58 %;-133
11;CAUCA;25;EL TAMBO;EL TAMBO;55.064;73,69 %;-15.040;FALSE;FALSE;282;195;145;18.631;21.943;62;654;145;145;280;0;73,69 %;40.574;32.356;79,75 %;31.169;984;703;22.753;7.713;2,17 %;3,04 %;70,32 %;23,84 %;99,37 %;-203
25;NORTE DE SAN;64;PAMPLONA;PAMPLONA;55.182;89,02 %;9.660;TRUE;FALSE;318;174;145;24.879;24.246;12;4.094;145;145;339;0;89,02 %;49.125;30.872;62,84 %;30.500;335;692;10.074;19.734;2,24 %;1,09 %;32,63 %;63,92 %;99,88 %;-37
3;ATLANTICO;37;PUERTO COLOMBIA;PUERTO COLOMBIA;55.890;71,14 %;-5.629;FALSE;FALSE;15.664;4;117;20.164;19.598;8;4.970;117;117;340;0;71,14 %;39.762;25.375;63,82 %;25.298;66;213;15.357;9.728;0,84 %;0,26 %;60,52 %;38,34 %;99,96 %;-11
13;CORDOBA;60;TUCHIN;TUCHIN;56.142;50,22 %;-5.370;FALSE;FALSE;128;439;86;13.768;14.427;14;2.014;86;86;328;0;50,22 %;28.195;18.430;65,37 %;18.241;132;121;11.745;6.375;0,66 %;0,72 %;63,73 %;34,59 %;99,69 %;-57
1;ANTIOQUIA;117;EL BAGRE;EL BAGRE;56.392;75,54 %;-2.862;FALSE;FALSE;1.563;36;124;20.725;21.872;6;7.100;124;124;344;0;75,54 %;42.597;19.252;45,20 %;19.016;182;460;10.709;7.847;2,39 %;0,95 %;55,63 %;40,76 %;99,72 %;-54
23;NARIÑO;16;BARBACOAS;BARBACOAS;56.653;42,79 %;-11.394;FALSE;FALSE;1.877;30;92;12.003;12.237;44;551;92;92;263;0;42,79 %;24.240;15.071;62,17 %;14.831;200;173;13.026;1.632;1,15 %;1,33 %;86,43 %;10,83 %;99,73 %;-40
1;ANTIOQUIA;43;BARBOSA;BARBOSA;56.928;82,53 %;6.291;TRUE;FALSE;46;1.238;138;23.574;23.408;10;4.698;138;138;340;0;82,53 %;46.982;26.058;55,46 %;25.586;409;669;9.313;15.604;2,57 %;1,57 %;35,74 %;59,88 %;99,76 %;-63
1;ANTIOQUIA;133;GIRARDOTA;GIRARDOTA;57.024;99,68 %;8.830;TRUE;FALSE;78;731;165;28.002;28.837;10;5.684;165;165;344;0;99,68 %;56.839;33.813;59,49 %;33.255;505;815;11.805;20.635;2,41 %;1,49 %;34,91 %;61,03 %;99,84 %;-53
31;VALLE;49;EL CERRITO;EL CERRITO;58.265;96,30 %;-15.661;FALSE;FALSE;466;125;167;28.623;27.486;18;3.117;167;167;336;0;96,30 %;56.109;34.924;62,24 %;34.629;261;334;24.978;9.317;0,96 %;0,75 %;71,52 %;26,68 %;99,90 %;-34
40;ARAUCA;10;ARAUQUITA;ARAUQUITA;58.905;61,83 %;-3.807;FALSE;FALSE;3.281;18;112;17.002;19.417;17;2.142;112;112;325;0;61,83 %;36.419;17.348;47,63 %;17.006;295;423;10.195;6.388;2,44 %;1,70 %;58,77 %;36,82 %;99,73 %;-47
7;BOYACA;67;CHIQUINQUIRA;CHIQUINQUIRA;59.089;74,81 %;6.898;TRUE;FALSE;133;444;132;23.432;20.775;12;3.684;132;132;335;0;74,81 %;44.207;31.250;70,69 %;30.893;337;517;11.739;18.637;1,65 %;1,08 %;37,56 %;59,64 %;99,94 %;-20
31;VALLE;55;FLORIDA;FLORIDA;59.109;92,87 %;-19.683;FALSE;FALSE;253;234;164;27.935;26.957;33;1.663;164;164;335;0;92,87 %;54.892;35.298;64,30 %;34.959;296;360;27.141;7.458;1,02 %;0,84 %;76,89 %;21,13 %;99,88 %;-43
56;SAN ANDRES;1;SAN ANDRES;SAN ANDRES;59.209;82,66 %;-1.907;FALSE;FALSE;278;213;142;25.426;23.517;7;6.992;142;142;345;0;82,66 %;48.943;21.142;43,20 %;21.039;72;500;11.223;9.316;2,36 %;0,34 %;53,08 %;44,06 %;99,85 %;-31
54;GUAVIARE;1;SAN JOSE DEL GUAVIARE;SAN JOSE DEL GUAVIARE;59.446;81,29 %;2.727;TRUE;FALSE;16.654;4;150;22.788;25.537;26;1.859;150;150;322;0;81,29 %;48.325;29.293;60,62 %;28.633;567;774;12.566;15.293;2,64 %;1,94 %;42,90 %;52,21 %;99,68 %;-93
25;NORTE DE SAN;93;TIBU;TIBU;60.119;75,98 %;3.861;TRUE;FALSE;2.737;22;138;20.662;25.015;19;2.404;138;138;331;0;75,98 %;45.677;21.006;45,99 %;20.701;258;432;8.204;12.065;2,06 %;1,23 %;39,06 %;57,44 %;99,78 %;-47
1;ANTIOQUIA;142;GUARNE;GUARNE;60.921;74,10 %;14.672;TRUE;TRUE;151;403;135;22.695;22.449;14;3.225;135;135;334;0;74,10 %;45.144;33.537;74,29 %;33.118;373;780;8.833;23.505;2,33 %;1,11 %;26,34 %;70,09 %;99,86 %;-46
27;SANTANDER;181;SAN GIL;SAN GIL;61.237;76,59 %;12.403;TRUE;FALSE;149;411;144;24.551;22.351;23;2.039;144;144;326;0;76,59 %;46.902;34.691;73,96 %;34.449;218;530;10.758;23.161;1,53 %;0,63 %;31,01 %;66,76 %;99,93 %;-24
64;PUTUMAYO;1;MOCOA;MOCOA;61.391;70,66 %;-15.458;FALSE;FALSE;1.030;60;134;22.546;20.834;24;1.808;134;134;324;0;70,66 %;43.380;30.413;70,11 %;30.186;194;312;22.666;7.208;1,03 %;0,64 %;74,53 %;23,70 %;99,89 %;-33
13;CORDOBA;13;CIENAGA DE ORO;CIENAGA DE ORO;61.812;78,90 %;-14.306;FALSE;FALSE;551;112;147;24.137;24.633;20;2.439;147;147;332;0;78,90 %;48.770;32.046;65,71 %;31.856;142;226;22.968;8.662;0,71 %;0,44 %;71,67 %;27,03 %;99,85 %;-48
28;SUCRE;200;SAN MARCOS;SAN MARCOS;62.642;76,73 %;-3.916;FALSE;FALSE;534;117;146;23.435;24.628;21;2.289;146;146;329;0;76,73 %;48.063;26.681;55,51 %;26.505;129;229;15.096;11.180;0,86 %;0,48 %;56,58 %;41,90 %;99,82 %;-47
1;ANTIOQUIA;106;CHIGORODO;CHIGORODO;62.678;85,55 %;-6.682;FALSE;FALSE;608;103;155;26.875;26.746;10;5.362;155;155;346;0;85,55 %;53.621;28.341;52,85 %;28.074;210;476;17.140;10.458;1,68 %;0,74 %;60,48 %;36,90 %;99,80 %;-57
19;HUILA;49;LA PLATA;LA PLATA;63.886;73,78 %;8.612;TRUE;FALSE;1.271;50;137;23.336;23.796;16;2.946;137;137;344;0;73,78 %;47.132;29.590;62,78 %;29.238;267;478;10.074;18.686;1,62 %;0,90 %;34,05 %;63,15 %;99,71 %;-85
1;ANTIOQUIA;82;CARMEN DE VIBORAL;CARMEN DE VIBORAL;65.553;72,59 %;13.327;TRUE;FALSE;448;146;141;24.383;23.202;15;3.172;141;141;337;0;72,59 %;47.585;35.645;74,91 %;35.255;354;726;10.601;23.928;2,04 %;0,99 %;29,74 %;67,13 %;99,90 %;-36
40;ARAUCA;25;SARAVENA;SARAVENA;66.026;62,70 %;-1.155;FALSE;FALSE;658;100;123;20.916;20.483;10;4.140;123;123;337;0;62,70 %;41.399;23.456;56,66 %;23.002;396;475;11.841;10.686;2,03 %;1,69 %;50,48 %;45,56 %;99,75 %;-58
13;CORDOBA;28;PLANETA RICA;PLANETA RICA;66.158;86,34 %;-4.513;FALSE;FALSE;1.148;58;155;28.487;28.635;14;4.080;155;155;369;0;86,34 %;57.122;32.768;57,36 %;32.498;224;317;18.347;13.834;0,97 %;0,68 %;55,99 %;42,22 %;99,86 %;-46
21;MAGDALENA;52;PLATO;PLATO;66.235;66,53 %;-4.280;FALSE;FALSE;1.504;44;131;21.179;22.889;20;2.203;131;131;336;0;66,53 %;44.068;24.503;55,60 %;24.347;118;199;14.214;9.934;0,81 %;0,48 %;58,01 %;40,54 %;99,84 %;-38
12;CESAR;150;AGUSTIN CODAZZI;AGUSTIN CODAZZI;67.879;79,59 %;-5.888;FALSE;FALSE;1.733;39;155;26.372;27.655;12;4.502;155;155;349;0;79,59 %;54.027;30.494;56,44 %;30.215;220;309;17.897;12.009;1,01 %;0,72 %;58,69 %;39,38 %;99,81 %;-59
9;CALDAS;130;VILLAMARIA;VILLAMARIA;69.285;70,03 %;2.679;TRUE;FALSE;461;150;147;25.502;23.019;20;2.426;147;147;330;0;70,03 %;48.521;34.113;70,31 %;33.468;596;747;15.021;17.700;2,19 %;1,75 %;44,03 %;51,89 %;99,86 %;-49
3;ATLANTICO;13;GALAPA;GALAPA;69.820;66,41 %;-11.965;FALSE;FALSE;98;712;134;23.088;23.280;8;5.796;134;134;346;0;66,41 %;46.368;27.849;60,06 %;27.721;106;208;19.739;7.774;0,75 %;0,38 %;70,88 %;27,91 %;99,92 %;-22
3;ATLANTICO;4;BARANOA;BARANOA;69.851;76,02 %;-12.052;FALSE;FALSE;127;550;158;26.716;26.385;13;4.085;158;158;336;0;76,02 %;53.101;35.375;66,62 %;35.239;105;263;23.514;11.462;0,74 %;0,30 %;66,47 %;32,40 %;99,91 %;-31
64;PUTUMAYO;2;PUERTO ASIS;PUERTO ASIS;70.006;76,55 %;-19.002;FALSE;FALSE;2.610;27;160;26.524;27.064;19;2.820;160;160;335;0;76,55 %;53.588;34.014;63,47 %;33.468;478;570;25.950;6.948;1,68 %;1,41 %;76,29 %;20,43 %;99,80 %;-68
1;ANTIOQUIA;178;MARINILLA;MARINILLA;71.117;75,33 %;18.722;TRUE;TRUE;115;618;156;27.512;26.063;8;6.697;156;156;343;0;75,33 %;53.575;39.781;74,25 %;39.434;305;646;10.033;28.755;1,62 %;0,77 %;25,22 %;72,28 %;99,89 %;-42
29;TOLIMA;46;ESPINAL;ESPINAL;71.549;88,05 %;6.182;TRUE;FALSE;217;330;181;32.626;30.370;20;3.150;181;181;348;0;88,05 %;62.996;43.118;68,45 %;42.515;549;607;17.863;24.045;1,41 %;1,27 %;41,43 %;55,77 %;99,87 %;-54
1;ANTIOQUIA;163;LA CEJA;LA CEJA;71.570;86,01 %;21.594;TRUE;TRUE;131;546;181;32.001;29.558;12;5.130;181;181;340;0;86,01 %;61.559;47.666;77,43 %;47.115;491;1.049;12.236;33.830;2,20 %;1,03 %;25,67 %;70,97 %;99,87 %;-60
21;MAGDALENA;25;EL BANCO;EL BANCO;72.131;72,05 %;2.735;TRUE;FALSE;820;88;159;25.268;26.699;29;1.792;159;159;327;0;72,05 %;51.967;27.494;52,91 %;27.334;120;181;12.209;14.944;0,66 %;0,44 %;44,41 %;54,35 %;99,85 %;-40
52;META;35;GRANADA;GRANADA;72.259;83,78 %;9.192;TRUE;FALSE;350;206;175;30.619;29.920;17;3.561;175;175;346;0;83,78 %;60.539;39.274;64,87 %;38.659;569;631;14.418;23.610;1,61 %;1,45 %;36,71 %;60,12 %;99,88 %;-46
21;MAGDALENA;31;FUNDACION;FUNDACION;72.934;82,03 %;-1.453;FALSE;FALSE;931;78;167;30.300;29.529;11;5.439;167;167;358;0;82,03 %;59.829;29.562;49,41 %;29.328;205;305;15.238;13.785;1,03 %;0,69 %;51,55 %;46,63 %;99,90 %;-29
28;SUCRE;40;COROZAL;COROZAL;73.282;69,09 %;-7.808;FALSE;FALSE;203;361;154;26.220;24.407;22;2.301;154;154;329;0;69,09 %;50.627;34.657;68,46 %;34.458;153;298;20.984;13.176;0,86 %;0,44 %;60,55 %;38,02 %;99,87 %;-46
5;BOLIVAR;22;EL CARMEN DE BOLIVAR;EL CARMEN DE BOLIVAR;75.179;82,47 %;6.322;TRUE;FALSE;954;79;190;29.330;32.668;26;2.385;190;190;326;0;82,47 %;61.998;33.012;53,25 %;32.764;204;352;13.045;19.367;1,07 %;0,62 %;39,52 %;58,67 %;99,87 %;-44
19;HUILA;34;GARZON;GARZON;75.926;80,46 %;13.158;TRUE;FALSE;580;131;179;30.316;30.775;21;2.909;179;179;341;0;80,46 %;61.091;40.563;66,40 %;40.121;396;657;13.153;26.311;1,62 %;0,98 %;32,43 %;64,86 %;99,89 %;-46
9;CALDAS;49;LA DORADA;LA DORADA;76.043;75,32 %;2.329;TRUE;FALSE;500;152;170;29.616;27.660;18;3.182;170;170;337;0;75,32 %;57.276;33.410;58,33 %;32.701;655;460;14.956;17.285;1,38 %;1,96 %;44,77 %;51,74 %;99,84 %;-54
5;BOLIVAR;7;ARJONA;ARJONA;76.370;78,30 %;-14.180;FALSE;FALSE;566;135;171;30.267;29.532;13;4.600;171;171;350;0;78,30 %;59.799;33.552;56,11 %;33.309;196;397;23.546;9.366;1,18 %;0,58 %;70,18 %;27,91 %;99,86 %;-47
21;MAGDALENA;95;ZONA BANANERA (SEVILLA);ZONA BANANERA (SEVILLA);76.510;67,00 %;-15.218;FALSE;FALSE;446;172;153;25.282;25.981;17;3.015;153;153;335;0;67,00 %;51.263;26.852;52,38 %;26.644;175;234;20.814;5.596;0,87 %;0,65 %;77,51 %;20,84 %;99,88 %;-33
26;QUINDIO;10;CALARCA;CALARCA;77.878;81,19 %;7.210;TRUE;FALSE;219;356;183;32.345;30.888;16;3.952;183;183;346;0;81,19 %;63.233;39.456;62,40 %;38.771;622;789;15.386;22.596;2,00 %;1,58 %;39,00 %;57,27 %;99,84 %;-63
1;ANTIOQUIA;166;LA ESTRELLA;LA ESTRELLA;79.103;84,56 %;13.812;TRUE;FALSE;35;2.260;197;34.623;32.270;13;5.146;197;197;340;0;84,56 %;66.893;44.432;66,42 %;43.909;482;965;14.566;28.378;2,17 %;1,08 %;32,78 %;63,87 %;99,91 %;-41
24;RISARALDA;86;SANTA ROSA DE CABAL;SANTA ROSA DE CABAL;81.608;85,04 %;8.207;TRUE;FALSE;486;168;201;35.566;33.835;23;3.017;201;201;345;0;85,04 %;69.401;45.252;65,20 %;44.460;695;967;17.643;25.850;2,14 %;1,54 %;38,99 %;57,12 %;99,79 %;-97
72;VICHADA;6;CUMARIBO;CUMARIBO;81.651;30,98 %;-7.585;FALSE;FALSE;65.193;1;93;11.497;13.801;37;684;93;93;272;0;30,98 %;25.298;10.928;43,20 %;10.846;46;59;9.186;1.601;0,54 %;0,42 %;84,06 %;14,65 %;99,67 %;-36
1;ANTIOQUIA;103;COPACABANA;COPACABANA;85.706;90,83 %;10.599;TRUE;FALSE;70;1.224;227;39.532;38.311;15;5.190;227;227;343;0;90,83 %;77.843;48.462;62,26 %;47.898;521;1.079;18.110;28.709;2,23 %;1,08 %;37,37 %;59,24 %;99,91 %;-43
1;ANTIOQUIA;70;CALDAS;CALDAS;87.385;83,80 %;10.370;TRUE;FALSE;111;787;213;37.795;35.431;15;4.882;213;213;344;0;83,80 %;73.226;49.444;67,52 %;48.573;810;1.247;18.478;28.848;2,52 %;1,64 %;37,37 %;58,34 %;99,88 %;-61
13;CORDOBA;25;MONTELIBANO;MONTELIBANO;87.735;71,81 %;-19.659;FALSE;FALSE;1.820;48;178;31.803;31.202;17;3.706;178;178;354;0;71,81 %;63.005;38.341;60,85 %;38.101;199;390;28.685;9.026;1,02 %;0,52 %;74,82 %;23,54 %;99,89 %;-41
1;ANTIOQUIA;218;SABANETA;SABANETA;92.159;108,02 %;35.139;TRUE;TRUE;15;6.144;289;53.577;45.969;16;6.222;289;289;344;0;108,02 %;99.546;72.437;72,77 %;71.999;407;1.636;17.612;52.751;2,26 %;0,56 %;24,31 %;72,82 %;99,96 %;-31
52;META;5;ACACIAS;ACACIAS;94.017;83,88 %;14.064;TRUE;FALSE;1.119;84;229;38.483;40.374;21;3.755;229;229;344;0;83,88 %;78.857;60.038;76,14 %;58.550;1.439;1.034;21.726;35.790;1,72 %;2,40 %;36,19 %;59,61 %;99,92 %;-49
31;VALLE;31;CANDELARIA;CANDELARIA;96.096;92,87 %;-29.140;FALSE;FALSE;285;337;262;46.910;42.337;27;3.305;262;262;341;0;92,87 %;89.247;59.475;66,64 %;58.890;546;730;43.650;14.510;1,23 %;0,92 %;73,39 %;24,40 %;99,93 %;-39
13;CORDOBA;58;TIERRALTA;TIERRALTA;97.227;74,74 %;-11.235;FALSE;FALSE;5.025;19;223;35.798;36.869;37;1.964;223;223;326;0;74,74 %;72.667;38.895;53,52 %;38.611;235;412;24.717;13.482;1,06 %;0,60 %;63,55 %;34,66 %;99,87 %;-49
48;LA GUAJIRA;11;MANAURE;MANAURE;98.299;65,09 %;-8.832;FALSE;FALSE;1.971;50;190;32.803;31.182;17;3.764;190;190;337;0;65,09 %;63.985;24.216;37,85 %;23.696;367;178;16.175;7.343;0,74 %;1,52 %;66,79 %;30,32 %;99,37 %;-153
25;NORTE DE SAN;54;LOS PATIOS;LOS PATIOS;99.535;84,25 %;28.194;TRUE;TRUE;133;748;246;43.148;40.709;19;4.414;246;246;341;0;84,25 %;83.857;47.732;56,92 %;47.410;297;620;9.298;37.492;1,30 %;0,62 %;19,48 %;78,55 %;99,95 %;-25
1;ANTIOQUIA;88;CAUCASIA;CAUCASIA;99.959;77,75 %;-7.508;FALSE;FALSE;1.411;71;232;39.558;38.162;28;2.776;232;232;335;0;77,75 %;77.720;42.817;55,09 %;42.321;422;717;24.556;17.048;1,67 %;0,99 %;57,35 %;39,82 %;99,83 %;-74
40;ARAUCA;1;ARAUCA;ARAUCA;101.457;80,82 %;18.368;TRUE;TRUE;5.841;17;242;40.795;41.198;23;3.565;242;242;339;0;80,82 %;81.993;38.548;47,01 %;38.087;386;681;9.519;27.887;1,77 %;1,00 %;24,69 %;72,34 %;99,81 %;-75
15;CUNDINAMARCA;31;CAJICA;CAJICA;102.554;66,73 %;9.091;TRUE;FALSE;51;2.011;199;36.333;32.106;12;5.703;199;199;344;0;66,73 %;68.439;54.751;80,00 %;54.226;507;1.309;21.913;31.004;2,39 %;0,93 %;40,02 %;56,63 %;99,97 %;-18
3;ATLANTICO;46;SABANALARGA;SABANALARGA;104.207;73,58 %;-17.330;FALSE;FALSE;421;248;224;38.730;37.944;19;4.035;224;224;342;0;73,58 %;76.674;48.822;63,67 %;48.545;231;351;32.762;15.432;0,72 %;0,47 %;67,10 %;31,61 %;99,91 %;-46
13;CORDOBA;10;CERETE;CERETE;110.723;71,39 %;-15.302;FALSE;FALSE;266;416;230;40.662;38.382;18;4.391;230;230;344;0;71,39 %;79.044;53.564;67,76 %;53.248;277;536;34.007;18.705;1,00 %;0,52 %;63,49 %;34,92 %;99,93 %;-39
31;VALLE;121;YUMBO;YUMBO;112.272;100,47 %;-35.386;FALSE;FALSE;228;492;334;58.282;54.517;37;3.049;334;334;338;0;100,47 %;112.799;72.036;63,86 %;71.550;426;788;53.074;17.688;1,09 %;0,59 %;73,68 %;24,55 %;99,92 %;-60
13;CORDOBA;37;SAHAGUN;SAHAGUN;112.585;75,59 %;-8.266;FALSE;FALSE;992;113;261;42.168;42.938;46;1.850;261;261;326;0;75,59 %;85.106;52.893;62,15 %;52.551;295;471;30.173;21.907;0,89 %;0,56 %;57,05 %;41,42 %;99,91 %;-47
25;NORTE DE SAN;100;VILLA DEL ROSARIO;VILLA DEL ROSARIO;113.903;95,41 %;34.332;TRUE;TRUE;228;500;316;57.185;51.490;18;6.038;316;316;344;0;95,41 %;108.675;49.311;45,37 %;49.024;255;522;7.085;41.417;1,06 %;0,52 %;14,37 %;83,99 %;99,94 %;-32
11;CAUCA;76;SANTANDER DE QUILICHAO;SANTANDER DE QUILICHAO;115.745;75,38 %;-29.967;FALSE;FALSE;518;223;250;45.560;41.686;28;3.116;250;250;349;0;75,38 %;87.246;63.535;72,82 %;62.504;904;875;45.798;15.831;1,38 %;1,42 %;72,08 %;24,92 %;99,80 %;-127
15;CUNDINAMARCA;88;FUNZA;FUNZA;115.923;70,29 %;-6.346;FALSE;FALSE;70;1.656;242;42.428;39.051;23;3.543;242;242;337;0;70,29 %;81.479;61.865;75,93 %;60.986;866;1.236;33.048;26.702;2,00 %;1,40 %;53,42 %;43,16 %;99,98 %;-13
23;NARIÑO;67;IPIALES;IPIALES;116.074;91,28 %;-30.226;FALSE;FALSE;1.707;68;300;55.217;50.737;21;5.045;300;300;353;0;91,28 %;105.954;68.290;64,45 %;67.512;666;718;48.510;18.284;1,05 %;0,98 %;71,04 %;26,77 %;99,84 %;-112
5;BOLIVAR;118;TURBACO;TURBACO;117.501;65,89 %;-15.469;FALSE;FALSE;204;576;220;38.893;38.531;16;4.839;220;220;352;0;65,89 %;77.424;45.850;59,22 %;45.648;159;573;30.272;14.803;1,25 %;0,35 %;66,02 %;32,29 %;99,91 %;-43
13;CORDOBA;22;LORICA;LORICA;117.924;79,28 %;-12.993;FALSE;FALSE;1.033;114;279;47.242;46.243;46;2.032;279;279;335;0;79,28 %;93.485;56.091;60,00 %;55.805;222;452;34.173;21.180;0,81 %;0,40 %;60,92 %;37,76 %;99,89 %;-64
15;CUNDINAMARCA;109;GIRARDOT;GIRARDOT;121.090;71,95 %;4.995;TRUE;FALSE;129;939;256;45.732;41.396;27;3.227;256;256;340;0;71,95 %;87.128;59.520;68,31 %;58.840;652;797;26.524;31.519;1,34 %;1,10 %;44,56 %;52,96 %;99,95 %;-28
12;CESAR;75;AGUACHICA;AGUACHICA;124.553;62,40 %;13.418;TRUE;FALSE;976;128;237;39.927;37.789;35;2.220;237;237;328;0;62,40 %;77.716;49.835;64,12 %;49.261;527;653;17.595;31.013;1,31 %;1,06 %;35,31 %;62,23 %;99,91 %;-47
21;MAGDALENA;16;CIENAGA;CIENAGA;128.647;73,38 %;-17.374;FALSE;FALSE;1.812;71;271;48.171;46.234;21;4.495;271;271;348;0;73,38 %;94.405;53.640;56,82 %;53.248;353;654;34.984;17.610;1,22 %;0,66 %;65,22 %;32,83 %;99,93 %;-39
7;BOYACA;79;DUITAMA;DUITAMA;129.192;75,54 %;599;TRUE;FALSE;186;695;283;51.912;45.680;22;4.436;283;283;345;0;75,54 %;97.592;73.569;75,38 %;72.820;710;1.389;35.416;36.015;1,89 %;0,97 %;48,14 %;48,95 %;99,95 %;-39
31;VALLE;22;BUGA;BUGA;131.499;83,47 %;-20.279;FALSE;FALSE;832;158;339;58.040;51.722;51;2.152;339;339;324;0;83,47 %;109.762;70.568;64,29 %;69.919;566;984;44.607;24.328;1,39 %;0,80 %;63,21 %;34,47 %;99,88 %;-83
19;HUILA;61;PITALITO;PITALITO;131.735;86,70 %;14.415;TRUE;FALSE;591;223;326;57.387;56.824;36;3.173;326;326;350;0;86,70 %;114.211;73.141;64,04 %;72.452;596;1.069;28.484;42.899;1,46 %;0,81 %;38,94 %;58,65 %;99,87 %;-93
25;NORTE DE SAN;61;OCAÑA;OCAÑA;132.387;68,28 %;24.873;TRUE;FALSE;460;288;269;47.654;42.741;42;2.152;269;269;336;0;68,28 %;90.395;61.194;67,70 %;60.672;462;845;17.477;42.350;1,38 %;0,75 %;28,56 %;69,21 %;99,90 %;-60
7;BOYACA;277;SOGAMOSO;SOGAMOSO;133.716;75,87 %;2.651;TRUE;FALSE;208;643;286;54.071;47.382;18;5.636;286;286;355;0;75,87 %;101.453;75.552;74,47 %;74.725;780;1.358;35.358;38.009;1,80 %;1,03 %;46,80 %;50,31 %;99,94 %;-47
1;ANTIOQUIA;35;APARTADO;APARTADO;133.811;82,07 %;-21.702;FALSE;FALSE;607;220;323;55.603;54.210;24;4.576;323;323;340;0;82,07 %;109.813;63.034;57,40 %;62.599;350;1.115;41.593;19.891;1,77 %;0,56 %;65,99 %;31,56 %;99,87 %;-85
17;CHOCO;1;QUIBDO;QUIBDO;133.906;66,08 %;-31.494;FALSE;FALSE;3.337;40;271;48.970;39.517;45;1.966;271;271;327;0;66,08 %;88.487;49.815;56,30 %;48.882;664;542;39.917;8.423;1,09 %;1,33 %;80,13 %;16,91 %;99,46 %;-269
1;ANTIOQUIA;280;TURBO;TURBO;136.374;73,30 %;-17.732;FALSE;FALSE;2.759;49;299;51.700;48.261;30;3.332;299;299;334;0;73,30 %;99.961;53.889;53,91 %;53.383;416;753;35.181;17.449;1,40 %;0,77 %;65,28 %;32,38 %;99,83 %;-90
31;VALLE;34;CARTAGO;CARTAGO;140.022;87,28 %;4.782;TRUE;FALSE;279;502;353;65.537;56.676;34;3.595;353;353;346;0;87,28 %;122.213;71.139;58,21 %;70.163;849;1.265;32.058;36.840;1,78 %;1,19 %;45,06 %;51,79 %;99,82 %;-127
15;CUNDINAMARCA;160;MADRID;MADRID;140.249;66,70 %;-10.616;FALSE;FALSE;120;1.169;274;48.676;44.868;21;4.454;274;274;341;0;66,70 %;93.544;72.150;77,13 %;71.040;1.069;1.452;40.102;29.486;2,01 %;1,48 %;55,58 %;40,87 %;99,94 %;-41
5;BOLIVAR;28;MAGANGUE;MAGANGUE;145.145;72,01 %;-14.360;FALSE;FALSE;1.568;93;315;51.906;52.610;53;1.972;315;315;332;0;72,01 %;104.516;55.218;52,83 %;54.907;237;451;34.408;20.048;0,82 %;0,43 %;62,31 %;36,31 %;99,87 %;-74
3;ATLANTICO;22;MALAMBO;MALAMBO;145.396;65,20 %;-25.746;FALSE;FALSE;108;1.346;274;48.413;46.381;15;6.320;274;274;346;0;65,20 %;94.794;55.146;58,17 %;54.893;214;411;40.114;14.368;0,75 %;0,39 %;72,74 %;26,05 %;99,93 %;-39
1;ANTIOQUIA;214;RIONEGRO;RIONEGRO;149.786;90,14 %;49.172;TRUE;TRUE;1.277;117;392;69.529;65.489;20;6.751;392;392;344;0;90,14 %;135.018;102.328;75,79 %;101.284;976;2.126;24.993;74.165;2,08 %;0,95 %;24,42 %;72,48 %;99,93 %;-68
15;CUNDINAMARCA;340;ZIPAQUIRA;ZIPAQUIRA;161.445;70,23 %;-13.856;FALSE;FALSE;197;820;332;58.977;54.411;22;5.154;332;332;342;0;70,23 %;113.388;88.884;78,39 %;87.788;1.051;1.808;49.918;36.062;2,03 %;1,18 %;56,16 %;40,57 %;99,95 %;-45
15;CUNDINAMARCA;55;CHIA;CHIA;164.995;75,29 %;22.081;TRUE;FALSE;76;2.171;355;65.494;58.728;23;5.401;355;355;350;0;75,29 %;124.222;96.920;78,02 %;96.127;758;2.212;35.917;57.998;2,28 %;0,78 %;37,06 %;59,84 %;99,96 %;-35
15;CUNDINAMARCA;169;MOSQUERA;MOSQUERA;166.203;59,63 %;-5.803;FALSE;FALSE;678;245;289;52.445;46.665;18;5.506;289;289;343;0;59,63 %;99.110;77.077;77,77 %;76.240;808;1.617;40.213;34.410;2,10 %;1,05 %;52,17 %;44,64 %;99,96 %;-29
15;CUNDINAMARCA;94;FUSAGASUGA;FUSAGASUGA;170.039;73,01 %;15.687;TRUE;FALSE;239;711;367;64.389;59.748;36;3.448;367;367;338;0;73,01 %;124.137;87.351;70,37 %;86.481;823;1.470;34.662;50.349;1,68 %;0,94 %;39,68 %;57,64 %;99,95 %;-47
31;VALLE;64;JAMUNDI;JAMUNDI;170.492;77,52 %;-25.049;FALSE;FALSE;655;260;382;69.512;62.647;38;3.478;382;382;346;0;77,52 %;132.159;88.747;67,15 %;87.817;816;1.352;55.757;30.708;1,52 %;0,92 %;62,83 %;34,60 %;99,87 %;-114
15;CUNDINAMARCA;76;FACATATIVA;FACATATIVA;172.064;60,62 %;-13.265;FALSE;FALSE;158;1.089;306;53.652;50.656;24;4.346;306;306;341;0;60,62 %;104.308;77.489;74,29 %;75.988;1.455;1.427;43.913;30.648;1,84 %;1,88 %;56,67 %;39,55 %;99,94 %;-46
27;SANTANDER;91;GIRON;GIRON;176.418;75,73 %;24.571;TRUE;FALSE;475;371;397;69.781;63.825;39;3.426;397;397;337;0;75,73 %;133.606;91.535;68,51 %;90.712;774;1.569;32.286;56.857;1,71 %;0,85 %;35,27 %;62,12 %;99,95 %;-49
44;CAQUETA;1;FLORENCIA;FLORENCIA;178.640;77,00 %;13.596;TRUE;FALSE;56;3.190;400;71.850;65.696;51;2.697;400;400;344;0;77,00 %;137.546;88.897;64,63 %;87.825;974;1.537;36.346;49.942;1,73 %;1,10 %;40,89 %;56,18 %;99,89 %;-98
46;CASANARE;1;YOPAL;YOPAL;181.548;74,51 %;30.835;TRUE;FALSE;2.771;66;401;68.971;66.298;36;3.757;400;401;337;1;74,51 %;135.269;98.816;73,05 %;97.691;1.031;1.672;32.592;63.427;1,69 %;1,04 %;32,98 %;64,19 %;99,90 %;-94
7;BOYACA;1;TUNJA;TUNJA;182.828;77,86 %;-10.100;FALSE;FALSE;118;1.549;404;76.762;65.593;26;5.475;404;404;352;0;77,86 %;142.355;108.715;76,37 %;107.528;1.138;2.210;57.709;47.609;2,03 %;1,05 %;53,08 %;43,79 %;99,95 %;-49
27;SANTANDER;160;PIEDECUESTA;PIEDECUESTA;187.763;71,67 %;30.550;TRUE;FALSE;344;546;408;69.813;64.764;42;3.204;408;408;330;0;71,67 %;134.577;98.362;73,09 %;97.422;875;1.590;32.641;63.191;1,62 %;0,89 %;33,18 %;64,24 %;99,93 %;-65
48;LA GUAJIRA;10;MAICAO;MAICAO;194.675;72,94 %;-9.246;FALSE;FALSE;1.782;109;401;73.292;68.704;24;5.917;401;401;354;0;72,94 %;141.996;62.729;44,18 %;62.127;484;747;35.313;26.067;1,19 %;0,77 %;56,29 %;41,55 %;99,81 %;-118
48;LA GUAJIRA;16;URIBIA;URIBIA;199.987;65,61 %;-8.291;FALSE;FALSE;8.200;24;385;68.157;63.061;30;4.374;385;385;341;0;65,61 %;131.218;37.678;28,71 %;36.713;719;318;22.343;14.052;0,84 %;1,91 %;59,30 %;37,29 %;99,35 %;-246
48;LA GUAJIRA;1;RIOHACHA;RIOHACHA;212.314;73,66 %;-18.081;FALSE;FALSE;3.120;68;471;81.463;74.925;59;2.651;471;471;332;0;73,66 %;156.388;85.539;54,70 %;84.717;667;1.084;50.857;32.776;1,27 %;0,78 %;59,45 %;38,32 %;99,82 %;-155
27;SANTANDER;19;BARRANCABERMEJA;BARRANCABERMEJA;216.219;87,26 %;-40.079;FALSE;FALSE;1.154;187;566;96.335;92.339;67;2.816;566;566;333;0;87,26 %;188.674;130.339;69,08 %;128.856;1.385;1.609;83.663;43.584;1,23 %;1,06 %;64,19 %;33,44 %;99,92 %;-98
31;VALLE;106;TULUA;TULUA;223.191;77,81 %;-4.612;FALSE;FALSE;911;245;513;92.899;80.768;65;2.672;513;513;339;0;77,81 %;173.667;105.989;61,03 %;104.711;1.172;1.745;53.789;49.177;1,65 %;1,11 %;50,75 %;46,40 %;99,90 %;-106
24;RISARALDA;25;DOSQUEBRADAS;DOSQUEBRADAS;230.086;78,84 %;6.150;TRUE;FALSE;70;3.287;527;97.720;83.685;44;4.123;527;527;344;0;78,84 %;181.405;113.870;62,77 %;112.324;1.405;2.316;51.929;58.079;2,03 %;1,23 %;45,60 %;51,00 %;99,88 %;-141
1;ANTIOQUIA;121;ENVIGADO;ENVIGADO;253.699;96,50 %;90.765;TRUE;TRUE;78;3.253;711;129.449;115.368;38;6.443;711;711;344;0;96,50 %;244.817;166.653;68,07 %;165.661;948;3.562;35.667;126.432;2,14 %;0,57 %;21,40 %;75,87 %;99,97 %;-44
23;NARIÑO;139;TUMACO;TUMACO;257.631;55,77 %;-67.192;FALSE;FALSE;3.778;68;521;73.619;70.053;225;639;521;518;277;-3;55,77 %;143.672;86.464;60,18 %;85.405;914;755;75.921;8.729;0,87 %;1,06 %;87,81 %;10,10 %;99,83 %;-145
1;ANTIOQUIA;151;ITAGUI;ITAGUI;303.766;88,23 %;53.731;TRUE;FALSE;17;17.869;737;140.758;127.241;43;6.233;737;737;364;0;88,23 %;267.999;169.903;63,40 %;168.043;1.736;3.772;55.270;109.001;2,22 %;1,02 %;32,53 %;64,15 %;99,93 %;-124
28;SUCRE;1;SINCELEJO;SINCELEJO;304.026;72,78 %;-35.695;FALSE;FALSE;284;1.071;631;115.948;105.321;52;4.255;631;631;351;0;72,78 %;221.269;146.127;66,04 %;145.080;892;1.651;89.562;53.867;1,13 %;0,61 %;61,29 %;36,86 %;99,89 %;-155
27;SANTANDER;82;FLORIDABLANCA;FLORIDABLANCA;315.981;70,95 %;51.060;TRUE;FALSE;97;3.258;655;121.428;102.756;48;4.671;655;655;342;0;70,95 %;224.184;162.946;72,68 %;161.750;1.125;2.832;53.929;104.989;1,74 %;0,69 %;33,10 %;64,43 %;99,96 %;-71
26;QUINDIO;1;ARMENIA;ARMENIA;316.926;88,75 %;33.570;TRUE;FALSE;250;1.268;806;148.487;132.771;53;5.307;806;806;349;0;88,75 %;281.258;177.378;63,07 %;175.272;1.923;3.718;68.992;102.562;2,10 %;1,08 %;38,90 %;57,82 %;99,90 %;-183
31;VALLE;19;BUENAVENTURA;BUENAVENTURA;318.003;73,33 %;-82.032;FALSE;FALSE;6.028;53;690;122.919;110.282;87;2.680;690;690;338;0;73,33 %;233.201;115.778;49,65 %;114.506;1.079;776;97.881;15.849;0,67 %;0,93 %;84,54 %;13,69 %;99,83 %;-193
11;CAUCA;1;POPAYAN;POPAYAN;333.382;80,84 %;-61.826;FALSE;FALSE;483;690;785;143.082;126.438;72;3.743;785;785;343;0;80,84 %;269.520;200.345;74,33 %;197.962;2.170;3.196;128.296;66.470;1,60 %;1,08 %;64,04 %;33,18 %;99,89 %;-213
31;VALLE;79;PALMIRA;PALMIRA;361.375;80,07 %;-48.354;FALSE;FALSE;1.123;322;850;154.432;134.913;87;3.326;850;850;340;0;80,07 %;289.345;177.999;61,52 %;176.567;1.276;2.859;111.031;62.677;1,61 %;0,72 %;62,38 %;35,21 %;99,91 %;-156
19;HUILA;1;NEIVA;NEIVA;373.129;79,66 %;12.451;TRUE;FALSE;1.553;240;847;156.856;140.369;54;5.504;846;847;351;1;79,66 %;297.225;199.625;67,16 %;197.682;1.788;3.025;91.103;103.554;1,52 %;0,90 %;45,64 %;51,87 %;99,92 %;-155
23;NARIÑO;1;PASTO;PASTO;393.476;80,17 %;-116.197;FALSE;FALSE;1.131;348;907;168.091;147.346;82;3.847;907;907;348;0;80,17 %;315.437;239.763;76,01 %;237.969;1.633;2.678;175.744;59.547;1,12 %;0,68 %;73,30 %;24,84 %;99,93 %;-161
9;CALDAS;1;MANIZALES;MANIZALES;458.442;76,05 %;25.143;TRUE;FALSE;571;803;1.013;183.864;164.769;92;3.789;1013;1013;344;0;76,05 %;348.633;242.479;69,55 %;238.481;3.699;6.100;103.619;128.762;2,52 %;1,53 %;42,73 %;53,10 %;99,88 %;-299
24;RISARALDA;1;PEREIRA;PEREIRA;490.464;94,41 %;30.288;TRUE;FALSE;702;699;1.324;244.561;218.501;87;5.323;1324;1324;350;0;94,41 %;463.062;289.316;62,48 %;285.700;3.250;5.904;124.754;155.042;2,04 %;1,12 %;43,12 %;53,59 %;99,87 %;-366
13;CORDOBA;1;MONTERIA;MONTERIA;516.217;72,45 %;-27.304;FALSE;FALSE;3.141;164;1.090;195.636;178.368;95;3.937;1090;1090;343;0;72,45 %;374.004;242.756;64,91 %;241.215;1.293;2.659;132.930;105.626;1,10 %;0,53 %;54,76 %;43,51 %;99,90 %;-248
29;TOLIMA;1;IBAGUE;IBAGUE;545.210;87,07 %;36.536;TRUE;FALSE;1.439;379;1.366;251.357;223.350;106;4.478;1366;1366;348;0;87,07 %;474.707;325.591;68,59 %;321.827;3.528;5.425;139.933;176.469;1,67 %;1,08 %;42,98 %;54,20 %;99,93 %;-236
21;MAGDALENA;1;SANTA MARTA;SANTA MARTA;557.388;73,35 %;-48.466;FALSE;FALSE;2.448;228;1.176;214.990;193.873;82;4.986;1176;1176;348;0;73,35 %;408.863;248.462;60,77 %;246.907;1.432;3.489;145.942;97.476;1,40 %;0,58 %;58,74 %;39,23 %;99,95 %;-123
52;META;1;VILLAVICENCIO;VILLAVICENCIO;558.299;72,55 %;63.705;TRUE;FALSE;1.313;425;1.182;212.352;192.697;95;4.264;1182;1182;343;0;72,55 %;405.049;277.846;68,60 %;275.154;2.541;4.141;103.654;167.359;1,49 %;0,91 %;37,31 %;60,23 %;99,95 %;-151
12;CESAR;1;VALLEDUPAR;VALLEDUPAR;559.462;62,29 %;-13.417;FALSE;FALSE;4.493;125;996;182.872;165.598;71;4.908;996;996;350;0;62,29 %;348.470;214.446;61,54 %;212.761;1.521;2.790;111.694;98.277;1,30 %;0,71 %;52,08 %;45,83 %;99,92 %;-164
1;ANTIOQUIA;49;BELLO;BELLO;578.376;65,63 %;57.143;TRUE;FALSE;142;4.073;1.043;203.706;175.889;55;6.902;1043;1043;364;0;65,63 %;379.595;239.132;63,00 %;236.479;2.437;5.298;87.019;144.162;2,22 %;1,02 %;36,39 %;60,29 %;99,91 %;-216
27;SANTANDER;1;BUCARAMANGA;BUCARAMANGA;623.378;84,09 %;111.956;TRUE;FALSE;162;3.848;1.523;276.674;247.528;88;5.957;1523;1523;344;0;84,09 %;524.202;356.248;67,96 %;353.951;2.146;6.205;117.895;229.851;1,74 %;0,60 %;33,09 %;64,52 %;99,96 %;-151
3;ATLANTICO;52;SOLEDAD;SOLEDAD;692.799;49,62 %;-72.218;FALSE;FALSE;67;10.340;1.000;182.621;161.124;54;6.366;1000;1000;344;0;49,62 %;343.745;203.039;59,07 %;201.923;737;1.873;136.134;63.916;0,92 %;0,36 %;67,05 %;31,48 %;99,81 %;-379
25;NORTE DE SAN;1;CUCUTA;CUCUTA;795.608;81,80 %;230.467;TRUE;TRUE;1.176;677;1.862;343.058;307.728;90;7.231;1862;1860;350;-2;81,80 %;650.786;390.453;60,00 %;387.744;2.463;5.139;76.069;306.536;1,32 %;0,63 %;19,48 %;78,51 %;99,94 %;-246
15;CUNDINAMARCA;247;SOACHA;SOACHA;831.259;43,63 %;-84.738;FALSE;FALSE;184;4.518;1.046;198.931;163.755;71;5.108;1046;1046;347;0;43,63 %;362.686;272.989;75,27 %;269.697;3.179;4.413;175.011;90.273;1,62 %;1,16 %;64,11 %;33,07 %;99,96 %;-113
5;BOLIVAR;1;CARTAGENA;CARTAGENA;1.065.570;81,31 %;-158.074;FALSE;FALSE;709;1.503;2.518;456.677;409.770;137;6.324;2518;2517;344;-1;81,31 %;866.447;498.693;57,56 %;496.751;1.614;6.579;324.123;166.049;1,32 %;0,32 %;64,99 %;33,30 %;99,93 %;-328
3;ATLANTICO;1;BARRANQUILLA;BARRANQUILLA;1.327.209;89,37 %;-65.526;FALSE;FALSE;166;7.995;3.434;619.834;566.263;164;7.232;3434;3434;345;0;89,37 %;1.186.097;695.177;58,61 %;692.393;2.336;7.563;375.178;309.652;1,09 %;0,34 %;53,97 %;44,54 %;99,94 %;-448
31;VALLE;1;CALI;CALI;2.297.230;80,06 %;-239.119;FALSE;FALSE;562;4.088;5.158;993.990;845.158;216;8.515;5158;5158;357;0;80,06 %;1.839.148;1.151.266;62,60 %;1.143.707;6.838;18.494;682.166;443.047;1,61 %;0,59 %;59,25 %;38,48 %;99,94 %;-721
1;ANTIOQUIA;1;MEDELLIN;MEDELLIN;2.653.729;71,29 %;397.446;TRUE;FALSE;380;6.983;5.329;1.021.747;870.115;250;7.567;5329;5329;355;0;71,29 %;1.891.862;1.283.039;67,82 %;1.271.042;10.998;29.918;421.839;819.285;2,33 %;0,86 %;32,88 %;63,86 %;99,92 %;-999
16;BOGOTA D.C.;1;BOGOTA. D.C.;BOGOTA. D.C.;7.968.095;76,26 %;-302.271;FALSE;FALSE;1.587;5.021;17.164;3.201.571;2.875.028;1083;5.611;17162;17164;354;2;76,26 %;6.076.599;4.293.241;70,65 %;4.260.273;31.445;91.516;2.235.514;1.933.243;2,13 %;0,73 %;52,07 %;45,03 %;99,96 %;-1523
88;CONSULADOS;115;GHANA;GHANA;;;-1;FALSE;FALSE;;;8;48;28;2;38;2;8;10;6;;76;44;57,89 %;44;0;1;22;21;2,27 %;0,00 %;50,00 %;47,73 %;100,00 %;0
88;CONSULADOS;120;ALEMANIA;ALEMANIA;;;-3.943;FALSE;FALSE;;;54;12.143;8.755;5;4.180;32;54;387;22;;20.898;12.165;58,21 %;12.147;18;290;7.900;3.957;2,38 %;0,15 %;64,94 %;32,53 %;100,00 %;0
88;CONSULADOS;130;ARGELIA;ARGELIA;;;-2;FALSE;FALSE;;;7;10;12;1;22;1;7;3;6;;22;7;31,82 %;7;0;1;4;2;14,29 %;0,00 %;57,14 %;28,57 %;100,00 %;0
88;CONSULADOS;135;AZERBAIYAN;AZERBAIYAN;;;-3;FALSE;FALSE;;;7;15;19;1;34;1;7;5;6;;34;21;61,76 %;21;0;0;12;9;0,00 %;0,00 %;57,14 %;42,86 %;100,00 %;0
88;CONSULADOS;140;CURAZAO;CURAZAO;;;577;TRUE;TRUE;;;11;1.726;1.208;1;2.934;5;11;267;6;;2.934;1.271;43,32 %;1.269;2;10;341;918;0,79 %;0,16 %;26,83 %;72,23 %;100,00 %;0
88;CONSULADOS;155;ARGENTINA;ARGENTINA;;;-833;FALSE;FALSE;;;56;11.964;9.474;3;7.146;32;56;383;24;;21.438;10.479;48,88 %;10.457;21;190;5.550;4.717;1,81 %;0,20 %;52,96 %;45,01 %;99,99 %;-1
88;CONSULADOS;160;ARUBA;ARUBA;;;1.921;TRUE;TRUE;;;23;4.195;2.889;1;7.084;11;23;308;12;;7.084;3.753;52,98 %;3.746;5;23;901;2.822;0,61 %;0,13 %;24,01 %;75,19 %;99,95 %;-2
88;CONSULADOS;165;AUSTRALIA;AUSTRALIA;;;-2.988;FALSE;FALSE;;;72;17.482;14.639;5;6.424;49;72;446;23;;32.121;20.602;64,14 %;20.576;26;460;11.552;8.564;2,23 %;0,13 %;56,07 %;41,57 %;100,00 %;0
88;CONSULADOS;170;AUSTRIA;AUSTRIA;;;-561;FALSE;FALSE;;;11;1.614;1.239;3;951;5;11;259;6;;2.853;1.656;58,04 %;1.656;0;45;1.086;525;2,72 %;0,00 %;65,58 %;31,70 %;100,00 %;0
88;CONSULADOS;190;BELGICA;BELGICA;;;-398;FALSE;FALSE;;;16;2.975;2.079;2;2.527;8;16;316;8;;5.054;2.707;53,56 %;2.702;4;70;1.515;1.117;2,59 %;0,15 %;55,97 %;41,26 %;99,96 %;-1
88;CONSULADOS;215;BOLIVIA;BOLIVIA;;;345;TRUE;TRUE;;;10;822;996;2;909;4;10;182;6;;1.818;647;35,59 %;645;2;8;146;491;1,24 %;0,31 %;22,57 %;75,89 %;100,00 %;0
88;CONSULADOS;220;BRASIL;BRASIL;;;-385;FALSE;FALSE;;;52;4.162;5.102;12;772;20;52;178;32;;9.264;4.239;45,76 %;4.234;5;71;2.274;1.889;1,67 %;0,12 %;53,64 %;44,56 %;100,00 %;0
88;CONSULADOS;250;CANADA;CANADA;;;10.919;TRUE;FALSE;;;219;38.634;34.603;6;12.206;108;210;349;102;;73.237;43.168;58,94 %;43.126;37;1.037;15.585;26.504;2,40 %;0,09 %;36,10 %;61,40 %;99,99 %;-5
88;CONSULADOS;275;COREA DEL SUR;COREA DEL SUR;;;7;TRUE;FALSE;;;7;286;142;1;428;1;7;61;6;;428;262;61,21 %;262;0;7;124;131;2,67 %;0,00 %;47,33 %;50,00 %;100,00 %;0
88;CONSULADOS;285;COSTA RICA;COSTA RICA;;;3.157;TRUE;TRUE;;;27;5.944;5.904;1;11.848;18;27;439;9;;11.848;5.875;49,59 %;5.866;8;67;1.321;4.478;1,14 %;0,14 %;22,49 %;76,22 %;99,98 %;-1
88;CONSULADOS;290;CUBA;CUBA;;;-348;FALSE;FALSE;;;8;497;419;1;916;2;8;115;6;;916;609;66,48 %;607;2;7;474;126;1,15 %;0,33 %;77,83 %;20,69 %;100,00 %;0
88;CONSULADOS;305;CHILE;CHILE;;;817;TRUE;FALSE;;;112;24.620;20.633;3;15.084;66;112;404;46;;45.253;18.632;41,17 %;18.554;74;297;8.720;9.537;1,59 %;0,40 %;46,80 %;51,19 %;99,98 %;-4
88;CONSULADOS;315;CHINA REPUBLICA POPULAR;CHINA REPUBLICA POPULAR;;;97;TRUE;FALSE;;;28;586;702;4;322;4;28;46;24;;1.288;730;56,68 %;730;0;17;308;405;2,33 %;0,00 %;42,19 %;55,48 %;100,00 %;0
88;CONSULADOS;325;DINAMARCA;DINAMARCA;;;-190;FALSE;FALSE;;;9;622;456;1;1.078;2;9;120;7;;1.078;668;61,97 %;667;0;17;420;230;2,54 %;0,00 %;62,87 %;34,43 %;99,85 %;-1
88;CONSULADOS;330;ECUADOR;ECUADOR;;;3.233;TRUE;FALSE;;;111;22.626;20.731;8;5.420;68;111;391;43;;43.357;9.893;22,82 %;9.804;64;113;3.229;6.462;1,14 %;0,65 %;32,64 %;65,32 %;99,75 %;-25
88;CONSULADOS;335;EGIPTO;EGIPTO;;;51;TRUE;FALSE;;;8;256;197;2;227;2;8;57;6;;453;171;37,75 %;171;0;4;58;109;2,34 %;0,00 %;33,92 %;63,74 %;100,00 %;0
88;CONSULADOS;340;EL SALVADOR;EL SALVADOR;;;235;TRUE;TRUE;;;9;431;417;2;424;3;9;94;6;;848;456;53,77 %;456;0;11;105;340;2,41 %;0,00 %;23,03 %;74,56 %;100,00 %;0
88;CONSULADOS;350;EMIRATOS ARABES UNIDOS;EMIRATOS ARABES UNIDOS;;;1.424;TRUE;TRUE;;;20;1.814;2.716;2;2.265;7;20;227;13;;4.530;2.682;59,21 %;2.681;1;43;607;2.031;1,60 %;0,04 %;22,63 %;75,73 %;100,00 %;0
88;CONSULADOS;355;ESPAÑA;ESPAÑA;;;-1.519;FALSE;FALSE;;;696;172.209;135.787;24;12.833;457;696;443;239;;307.996;134.638;43,71 %;134.307;307;1.936;66.945;65.426;1,44 %;0,23 %;49,72 %;48,59 %;99,98 %;-24
88;CONSULADOS;360;ESTADOS UNIDOS;ESTADOS UNIDOS;;;135.803;TRUE;TRUE;;;987;254.791;199.471;57;7.970;684;938;484;254;;454.262;214.566;47,23 %;214.384;152;2.087;38.247;174.050;0,97 %;0,07 %;17,83 %;81,12 %;99,99 %;-30
88;CONSULADOS;370;REPUBLICA DE FILIPINAS;REPUBLICA DE FILIPINAS;;;11;TRUE;FALSE;;;7;87;98;1;185;1;7;26;6;;185;102;55,14 %;102;0;5;43;54;4,90 %;0,00 %;42,16 %;52,94 %;100,00 %;0
88;CONSULADOS;375;FINLANDIA;FINLANDIA;;;-71;FALSE;FALSE;;;7;262;292;1;554;1;7;79;6;;554;289;52,17 %;289;0;12;174;103;4,15 %;0,00 %;60,21 %;35,64 %;100,00 %;0
88;CONSULADOS;380;FRANCIA;FRANCIA;;;-3.969;FALSE;FALSE;;;81;15.876;11.005;6;4.480;42;81;332;39;;26.881;14.798;55,05 %;14.772;24;425;9.158;5.189;2,87 %;0,16 %;61,89 %;35,07 %;99,99 %;-2
88;CONSULADOS;410;GUATEMALA;GUATEMALA;;;881;TRUE;TRUE;;;10;1.207;1.100;1;2.307;4;10;231;6;;2.307;1.327;57,52 %;1.324;2;27;208;1.089;2,03 %;0,15 %;15,67 %;82,06 %;99,92 %;-1
88;CONSULADOS;430;HAITI;HAITI;;;-1;FALSE;FALSE;;;7;10;14;1;24;1;7;3;6;;24;18;75,00 %;18;0;1;9;8;5,56 %;0,00 %;50,00 %;44,44 %;100,00 %;0
88;CONSULADOS;435;PAISES BAJOS;PAISES BAJOS;;;-151;FALSE;FALSE;;;22;3.988;2.566;2;3.277;10;22;298;12;;6.554;3.153;48,11 %;3.151;2;86;1.608;1.457;2,73 %;0,06 %;51,00 %;46,21 %;100,00 %;0
88;CONSULADOS;440;HONDURAS;HONDURAS;;;196;TRUE;TRUE;;;8;366;414;1;780;2;8;98;6;;780;325;41,67 %;324;1;4;62;258;1,23 %;0,31 %;19,08 %;79,38 %;100,00 %;0
88;CONSULADOS;445;HUNGRIA;HUNGRIA;;;-63;FALSE;FALSE;;;7;222;168;1;390;1;7;56;6;;390;246;63,08 %;245;1;14;147;84;5,69 %;0,41 %;59,76 %;34,15 %;100,00 %;0
88;CONSULADOS;455;INDIA;INDIA;;;-2;FALSE;FALSE;;;7;63;32;1;95;1;7;14;6;;95;32;33,68 %;32;0;6;14;12;18,75 %;0,00 %;43,75 %;37,50 %;100,00 %;0
88;CONSULADOS;460;INDONESIA;INDONESIA;;;8;TRUE;FALSE;;;7;49;52;1;101;1;7;14;6;;101;37;36,63 %;37;0;1;14;22;2,70 %;0,00 %;37,84 %;59,46 %;100,00 %;0
88;CONSULADOS;465;INGLATERRA;INGLATERRA;;;2.021;TRUE;FALSE;;;74;13.310;10.021;2;11.666;35;74;315;39;;23.331;12.215;52,36 %;12.200;12;267;4.956;6.977;2,19 %;0,10 %;40,57 %;57,12 %;99,98 %;-3
88;CONSULADOS;470;IRLANDA;IRLANDA;;;-47;FALSE;FALSE;;;8;559;362;1;921;2;8;115;6;;921;614;66,67 %;613;1;18;321;274;2,93 %;0,16 %;52,28 %;44,63 %;100,00 %;0
88;CONSULADOS;490;ISRAEL;ISRAEL;;;731;TRUE;TRUE;;;11;1.350;961;2;1.156;5;11;210;6;;2.311;982;42,49 %;978;3;7;120;851;0,71 %;0,31 %;12,22 %;86,66 %;99,90 %;-1
88;CONSULADOS;495;ITALIA;ITALIA;;;-305;FALSE;FALSE;;;47;11.670;8.059;9;2.192;34;47;420;13;;19.729;8.709;44,14 %;8.689;19;178;4.408;4.103;2,04 %;0,22 %;50,61 %;47,11 %;99,99 %;-1
88;CONSULADOS;500;JAMAICA;JAMAICA;;;52;TRUE;FALSE;;;8;199;147;2;173;2;8;43;6;;346;129;37,28 %;129;0;1;38;90;0,78 %;0,00 %;29,46 %;69,77 %;100,00 %;0
88;CONSULADOS;505;JAPON;JAPON;;;37;TRUE;FALSE;;;11;792;667;3;486;4;11;133;7;;1.459;531;36,39 %;530;0;17;238;275;3,20 %;0,00 %;44,82 %;51,79 %;99,81 %;-1
88;CONSULADOS;515;KENIA;KENIA;;;-8;FALSE;FALSE;;;7;65;58;2;62;1;7;18;6;;123;74;60,16 %;74;0;4;39;31;5,41 %;0,00 %;52,70 %;41,89 %;100,00 %;0
88;CONSULADOS;535;LIBANO;LIBANO;;;55;TRUE;FALSE;;;9;782;668;1;1.450;3;9;161;6;;1.450;136;9,38 %;135;1;6;37;92;4,41 %;0,74 %;27,21 %;67,65 %;100,00 %;0
88;CONSULADOS;560;MALASIA;MALASIA;;;37;TRUE;FALSE;;;7;96;67;1;163;1;7;23;6;;163;98;60,12 %;98;0;3;29;66;3,06 %;0,00 %;29,59 %;67,35 %;100,00 %;0
88;CONSULADOS;580;MARRUECOS;MARRUECOS;;;-1;FALSE;FALSE;;;7;49;23;1;72;1;7;10;6;;72;43;59,72 %;43;0;2;21;20;4,65 %;0,00 %;48,84 %;46,51 %;100,00 %;0
88;CONSULADOS;590;MEXICO;MEXICO;;;4.636;TRUE;FALSE;;;80;12.406;9.620;6;3.671;34;80;275;46;;22.026;12.966;58,87 %;12.958;7;258;4.032;8.668;1,99 %;0,05 %;31,10 %;66,85 %;99,99 %;-1
88;CONSULADOS;620;NICARAGUA;NICARAGUA;;;63;TRUE;TRUE;;;7;129;158;1;287;1;7;41;6;;287;118;41,11 %;118;0;1;27;90;0,85 %;0,00 %;22,88 %;76,27 %;100,00 %;0
88;CONSULADOS;625;NUEVA ZELANDIA;NUEVA ZELANDIA;;;-79;FALSE;FALSE;;;10;1.330;1.004;2;1.167;4;10;233;6;;2.334;1.327;56,86 %;1.324;3;51;676;597;3,84 %;0,23 %;50,94 %;44,99 %;100,00 %;0
88;CONSULADOS;635;NORUEGA;NORUEGA;;;-141;FALSE;FALSE;;;8;669;515;1;1.184;2;8;148;6;;1.184;559;47,21 %;557;2;18;340;199;3,22 %;0,36 %;60,82 %;35,60 %;100,00 %;0
88;CONSULADOS;655;PANAMA;PANAMA;;;6.115;TRUE;TRUE;;;87;16.007;13.189;5;5.839;45;87;336;42;;29.196;11.479;39,32 %;11.468;8;147;2.603;8.718;1,28 %;0,07 %;22,68 %;75,95 %;99,97 %;-3
88;CONSULADOS;665;PARAGUAY;PARAGUAY;;;216;TRUE;TRUE;;;8;367;438;1;805;2;8;101;6;;805;364;45,22 %;364;0;0;74;290;0,00 %;0,00 %;20,33 %;79,67 %;100,00 %;0
88;CONSULADOS;670;PERU;PERU;;;1.715;TRUE;TRUE;;;28;4.955;4.199;2;4.577;14;28;327;14;;9.154;3.478;37,99 %;3.471;7;54;851;2.566;1,55 %;0,20 %;24,47 %;73,78 %;100,00 %;0
88;CONSULADOS;675;POLONIA;POLONIA;;;-352;FALSE;FALSE;;;14;1.262;2.305;2;1.784;7;14;255;7;;3.567;1.053;29,52 %;1.050;3;14;694;342;1,33 %;0,28 %;65,91 %;32,48 %;100,00 %;0
88;CONSULADOS;680;PORTUGAL;PORTUGAL;;;-180;FALSE;FALSE;;;18;2.824;2.516;2;2.670;9;18;297;9;;5.340;3.136;58,73 %;3.129;7;69;1.620;1.440;2,20 %;0,22 %;51,66 %;45,92 %;100,00 %;0
88;CONSULADOS;683;PUERTO RICO;PUERTO RICO;;;499;TRUE;FALSE;;;11;1.326;1.015;1;2.341;4;11;213;7;;2.341;1.220;52,11 %;1.216;3;15;351;850;1,23 %;0,25 %;28,77 %;69,67 %;99,92 %;-1
88;CONSULADOS;685;REPUBLICA DOMINICANA;REPUBLICA DOMINICANA;;;1.269;TRUE;TRUE;;;13;2.034;1.988;1;4.022;6;13;309;7;;4.022;2.143;53,28 %;2.143;0;32;421;1.690;1,49 %;0,00 %;19,65 %;78,86 %;100,00 %;0
88;CONSULADOS;688;REPUBLICA DE SINGAPUR;REPUBLICA DE SINGAPUR;;;83;TRUE;FALSE;;;7;188;150;1;338;1;7;48;6;;338;200;59,17 %;200;0;11;53;136;5,50 %;0,00 %;26,50 %;68,00 %;100,00 %;0
88;CONSULADOS;690;REPUBLICA SOCIALISTA DE VIETNA;REPUBLICA SOCIALISTA DE VIETNA;;;-12;FALSE;FALSE;;;7;35;49;1;84;1;7;12;6;;84;41;48,81 %;41;0;1;26;14;2,44 %;0,00 %;63,41 %;34,15 %;100,00 %;0
88;CONSULADOS;700;RUSIA;RUSIA;;;-115;FALSE;FALSE;;;8;340;481;1;821;2;8;103;6;;821;180;21,92 %;179;1;0;147;32;0,00 %;0,56 %;81,67 %;17,78 %;100,00 %;0
88;CONSULADOS;745;SUDAFRICA;SUDAFRICA;;;31;TRUE;FALSE;;;8;127;89;2;108;2;8;27;6;;216;104;48,15 %;104;0;1;36;67;0,96 %;0,00 %;34,62 %;64,42 %;100,00 %;0
88;CONSULADOS;755;SUECIA;SUECIA;;;-450;FALSE;FALSE;;;27;2.039;1.709;1;3.748;6;27;139;21;;3.748;1.564;41,73 %;1.562;1;28;992;542;1,79 %;0,06 %;63,43 %;34,65 %;99,94 %;-1
88;CONSULADOS;760;SUIZA;SUIZA;;;-18;FALSE;FALSE;;;21;5.592;3.480;4;2.268;15;21;432;6;;9.072;4.584;50,53 %;4.578;4;82;2.257;2.239;1,79 %;0,09 %;49,24 %;48,84 %;99,96 %;-2
88;CONSULADOS;765;TAILANDIA;TAILANDIA;;;-1;FALSE;FALSE;;;7;91;97;1;188;1;7;27;6;;188;116;61,70 %;115;1;2;57;56;1,72 %;0,86 %;49,14 %;48,28 %;100,00 %;0
88;CONSULADOS;770;TURQUIA;TURQUIA;;;-65;FALSE;FALSE;;;14;308;133;2;221;2;14;32;12;;441;246;55,78 %;246;0;5;153;88;2,03 %;0,00 %;62,20 %;35,77 %;100,00 %;0
88;CONSULADOS;785;TRINIDAD Y TOBAGO;TRINIDAD Y TOBAGO;;;67;TRUE;FALSE;;;9;168;150;3;106;3;9;35;6;;318;165;51,89 %;164;1;3;47;114;1,82 %;0,61 %;28,48 %;69,09 %;100,00 %;0
88;CONSULADOS;805;URUGUAY;URUGUAY;;;6;TRUE;FALSE;;;9;856;675;1;1.531;3;9;170;6;;1.531;787;51,40 %;785;2;11;384;390;1,40 %;0,25 %;48,79 %;49,56 %;100,00 %;0
88;CONSULADOS;815;VENEZUELA;VENEZUELA;;;14.771;TRUE;TRUE;;;349;92.816;87.966;23;7.860;273;349;518;76;;180.782;24.787;13,71 %;24.703;52;110;4.911;19.682;0,44 %;0,21 %;19,81 %;79,40 %;99,87 %;-32
;;;;;;;;;;;;;;;;;;;;;;;;;;;;;;;;;;;
;;;;;;;;;;;;;;;;;;;;;;;;;;;;;;;;;;;
;;10743894,568;13560255,28;2816360,712;52.154.828;79,42 %;248.201;;;;;;;;;2.543;120527;121956;310;1429;;41.421.973;25.730.964;;;;;12.705.116;12.953.317;;;49,38 %;50,34 %;;-29497